timestamp,meal_type,number_of_students,date,hour,day_of_week,is_weekend,week,meal_slot,crowd_ratio
2024-03-01 07:00:00,Breakfast,44.0,2024-03-01,7,4,0,9,0,0.08014571948998178
2024-03-01 07:10:00,Breakfast,120.0,2024-03-01,7,4,0,9,0,0.2185792349726776
2024-03-01 07:20:00,Breakfast,200.0,2024-03-01,7,4,0,9,0,0.36429872495446264
2024-03-01 07:30:00,Breakfast,212.0,2024-03-01,7,4,0,9,0,0.3861566484517304
2024-03-01 07:40:00,Breakfast,314.0,2024-03-01,7,4,0,9,0,0.5719489981785064
2024-03-01 07:50:00,Breakfast,314.0,2024-03-01,7,4,0,9,0,0.5719489981785064
2024-03-01 08:00:00,Breakfast,353.0,2024-03-01,8,4,0,9,0,0.6429872495446266
2024-03-01 08:10:00,Breakfast,307.0,2024-03-01,8,4,0,9,0,0.5591985428051002
2024-03-01 08:20:00,Breakfast,371.0,2024-03-01,8,4,0,9,0,0.6757741347905283
2024-03-01 08:30:00,Breakfast,239.0,2024-03-01,8,4,0,9,0,0.4353369763205829
2024-03-01 08:40:00,Breakfast,136.0,2024-03-01,8,4,0,9,0,0.24772313296903462
2024-03-01 08:50:00,Breakfast,110.0,2024-03-01,8,4,0,9,0,0.20036429872495445
2024-03-01 12:00:00,Lunch,121.0,2024-03-01,12,4,0,9,1,0.10698496905393456
2024-03-01 12:10:00,Lunch,265.0,2024-03-01,12,4,0,9,1,0.23430592396109637
2024-03-01 12:20:00,Lunch,378.0,2024-03-01,12,4,0,9,1,0.33421750663129973
2024-03-01 12:30:00,Lunch,421.0,2024-03-01,12,4,0,9,1,0.372236958443855
2024-03-01 12:40:00,Lunch,664.0,2024-03-01,12,4,0,9,1,0.5870910698496905
2024-03-01 12:50:00,Lunch,697.0,2024-03-01,12,4,0,9,1,0.6162687886825818
2024-03-01 13:00:00,Lunch,978.0,2024-03-01,13,4,0,9,1,0.8647214854111406
2024-03-01 13:10:00,Lunch,995.0,2024-03-01,13,4,0,9,1,0.8797524314765695
2024-03-01 13:20:00,Lunch,546.0,2024-03-01,13,4,0,9,1,0.4827586206896552
2024-03-01 13:30:00,Lunch,535.0,2024-03-01,13,4,0,9,1,0.47303271441202477
2024-03-01 13:40:00,Lunch,439.0,2024-03-01,13,4,0,9,1,0.3881520778072502
2024-03-01 13:50:00,Lunch,164.0,2024-03-01,13,4,0,9,1,0.14500442086648982
2024-03-01 16:00:00,Snacks,196.0,2024-03-01,16,4,0,9,2,0.38811881188118813
2024-03-01 16:10:00,Snacks,280.0,2024-03-01,16,4,0,9,2,0.5544554455445545
2024-03-01 16:20:00,Snacks,389.0,2024-03-01,16,4,0,9,2,0.7702970297029703
2024-03-01 16:30:00,Snacks,381.0,2024-03-01,16,4,0,9,2,0.7544554455445545
2024-03-01 16:40:00,Snacks,372.0,2024-03-01,16,4,0,9,2,0.7366336633663366
2024-03-01 16:50:00,Snacks,308.0,2024-03-01,16,4,0,9,2,0.6099009900990099
2024-03-01 19:00:00,Dinner,106.0,2024-03-01,19,4,0,9,3,0.08960270498732037
2024-03-01 19:10:00,Dinner,272.0,2024-03-01,19,4,0,9,3,0.22992392223161454
2024-03-01 19:20:00,Dinner,310.0,2024-03-01,19,4,0,9,3,0.26204564666103125
2024-03-01 19:30:00,Dinner,286.0,2024-03-01,19,4,0,9,3,0.24175824175824176
2024-03-01 19:40:00,Dinner,487.0,2024-03-01,19,4,0,9,3,0.41166525781910396
2024-03-01 19:50:00,Dinner,789.0,2024-03-01,19,4,0,9,3,0.6669484361792054
2024-03-01 20:00:00,Dinner,806.0,2024-03-01,20,4,0,9,3,0.6813186813186813
2024-03-01 20:10:00,Dinner,736.0,2024-03-01,20,4,0,9,3,0.6221470836855453
2024-03-01 20:20:00,Dinner,696.0,2024-03-01,20,4,0,9,3,0.588334742180896
2024-03-01 20:30:00,Dinner,614.0,2024-03-01,20,4,0,9,3,0.5190194420963652
2024-03-01 20:40:00,Dinner,375.0,2024-03-01,20,4,0,9,3,0.3169907016060862
2024-03-01 20:50:00,Dinner,235.0,2024-03-01,20,4,0,9,3,0.19864750633981404
2024-03-02 07:00:00,Breakfast,24.0,2024-03-02,7,5,1,9,0,0.04371584699453552
2024-03-02 07:10:00,Breakfast,57.0,2024-03-02,7,5,1,9,0,0.10382513661202186
2024-03-02 07:20:00,Breakfast,121.0,2024-03-02,7,5,1,9,0,0.2204007285974499
2024-03-02 07:30:00,Breakfast,160.0,2024-03-02,7,5,1,9,0,0.29143897996357016
2024-03-02 07:40:00,Breakfast,225.0,2024-03-02,7,5,1,9,0,0.4098360655737705
2024-03-02 07:50:00,Breakfast,271.0,2024-03-02,7,5,1,9,0,0.4936247723132969
2024-03-02 08:00:00,Breakfast,267.0,2024-03-02,8,5,1,9,0,0.48633879781420764
2024-03-02 08:10:00,Breakfast,312.0,2024-03-02,8,5,1,9,0,0.5683060109289617
2024-03-02 08:20:00,Breakfast,188.0,2024-03-02,8,5,1,9,0,0.3424408014571949
2024-03-02 08:30:00,Breakfast,134.0,2024-03-02,8,5,1,9,0,0.24408014571949
2024-03-02 08:40:00,Breakfast,69.0,2024-03-02,8,5,1,9,0,0.12568306010928962
2024-03-02 08:50:00,Breakfast,75.0,2024-03-02,8,5,1,9,0,0.1366120218579235
2024-03-02 12:00:00,Lunch,69.0,2024-03-02,12,5,1,9,1,0.0610079575596817
2024-03-02 12:10:00,Lunch,179.0,2024-03-02,12,5,1,9,1,0.15826702033598586
2024-03-02 12:20:00,Lunch,250.0,2024-03-02,12,5,1,9,1,0.22104332449160036
2024-03-02 12:30:00,Lunch,335.0,2024-03-02,12,5,1,9,1,0.29619805481874445
2024-03-02 12:40:00,Lunch,389.0,2024-03-02,12,5,1,9,1,0.34394341290893016
2024-03-02 12:50:00,Lunch,627.0,2024-03-02,12,5,1,9,1,0.5543766578249337
2024-03-02 13:00:00,Lunch,580.0,2024-03-02,13,5,1,9,1,0.5128205128205128
2024-03-02 13:10:00,Lunch,576.0,2024-03-02,13,5,1,9,1,0.5092838196286472
2024-03-02 13:20:00,Lunch,513.0,2024-03-02,13,5,1,9,1,0.4535809018567639
2024-03-02 13:30:00,Lunch,370.0,2024-03-02,13,5,1,9,1,0.3271441202475685
2024-03-02 13:40:00,Lunch,205.0,2024-03-02,13,5,1,9,1,0.1812555260831123
2024-03-02 13:50:00,Lunch,159.0,2024-03-02,13,5,1,9,1,0.14058355437665782
2024-03-02 16:00:00,Snacks,159.0,2024-03-02,16,5,1,9,2,0.31485148514851485
2024-03-02 16:10:00,Snacks,193.0,2024-03-02,16,5,1,9,2,0.3821782178217822
2024-03-02 16:20:00,Snacks,238.0,2024-03-02,16,5,1,9,2,0.47128712871287126
2024-03-02 16:30:00,Snacks,255.0,2024-03-02,16,5,1,9,2,0.504950495049505
2024-03-02 16:40:00,Snacks,200.0,2024-03-02,16,5,1,9,2,0.39603960396039606
2024-03-02 16:50:00,Snacks,168.0,2024-03-02,16,5,1,9,2,0.3326732673267327
2024-03-02 19:00:00,Dinner,110.0,2024-03-02,19,5,1,9,3,0.09298393913778528
2024-03-02 19:10:00,Dinner,171.0,2024-03-02,19,5,1,9,3,0.1445477599323753
2024-03-02 19:20:00,Dinner,225.0,2024-03-02,19,5,1,9,3,0.19019442096365174
2024-03-02 19:30:00,Dinner,372.0,2024-03-02,19,5,1,9,3,0.3144547759932375
2024-03-02 19:40:00,Dinner,375.0,2024-03-02,19,5,1,9,3,0.3169907016060862
2024-03-02 19:50:00,Dinner,472.0,2024-03-02,19,5,1,9,3,0.3989856297548605
2024-03-02 20:00:00,Dinner,442.0,2024-03-02,20,5,1,9,3,0.37362637362637363
2024-03-02 20:10:00,Dinner,546.0,2024-03-02,20,5,1,9,3,0.46153846153846156
2024-03-02 20:20:00,Dinner,463.0,2024-03-02,20,5,1,9,3,0.39137785291631444
2024-03-02 20:30:00,Dinner,395.0,2024-03-02,20,5,1,9,3,0.3338968723584108
2024-03-02 20:40:00,Dinner,218.0,2024-03-02,20,5,1,9,3,0.18427726120033813
2024-03-02 20:50:00,Dinner,165.0,2024-03-02,20,5,1,9,3,0.13947590870667795
2024-03-03 07:00:00,Breakfast,41.0,2024-03-03,7,6,1,9,0,0.07468123861566485
2024-03-03 07:10:00,Breakfast,101.0,2024-03-03,7,6,1,9,0,0.18397085610200364
2024-03-03 07:20:00,Breakfast,141.0,2024-03-03,7,6,1,9,0,0.2568306010928962
2024-03-03 07:30:00,Breakfast,200.0,2024-03-03,7,6,1,9,0,0.36429872495446264
2024-03-03 07:40:00,Breakfast,238.0,2024-03-03,7,6,1,9,0,0.4335154826958106
2024-03-03 07:50:00,Breakfast,208.0,2024-03-03,7,6,1,9,0,0.3788706739526412
2024-03-03 08:00:00,Breakfast,272.0,2024-03-03,8,6,1,9,0,0.49544626593806923
2024-03-03 08:10:00,Breakfast,340.0,2024-03-03,8,6,1,9,0,0.6193078324225865
2024-03-03 08:20:00,Breakfast,226.0,2024-03-03,8,6,1,9,0,0.4116575591985428
2024-03-03 08:30:00,Breakfast,134.0,2024-03-03,8,6,1,9,0,0.24408014571949
2024-03-03 08:40:00,Breakfast,113.0,2024-03-03,8,6,1,9,0,0.2058287795992714
2024-03-03 08:50:00,Breakfast,50.0,2024-03-03,8,6,1,9,0,0.09107468123861566
2024-03-03 12:00:00,Lunch,64.0,2024-03-03,12,6,1,9,1,0.05658709106984969
2024-03-03 12:10:00,Lunch,156.0,2024-03-03,12,6,1,9,1,0.13793103448275862
2024-03-03 12:20:00,Lunch,270.0,2024-03-03,12,6,1,9,1,0.23872679045092837
2024-03-03 12:30:00,Lunch,308.0,2024-03-03,12,6,1,9,1,0.2723253757736516
2024-03-03 12:40:00,Lunch,426.0,2024-03-03,12,6,1,9,1,0.376657824933687
2024-03-03 12:50:00,Lunch,427.0,2024-03-03,12,6,1,9,1,0.3775419982316534
2024-03-03 13:00:00,Lunch,573.0,2024-03-03,13,6,1,9,1,0.506631299734748
2024-03-03 13:10:00,Lunch,382.0,2024-03-03,13,6,1,9,1,0.33775419982316535
2024-03-03 13:20:00,Lunch,445.0,2024-03-03,13,6,1,9,1,0.39345711759504864
2024-03-03 13:30:00,Lunch,359.0,2024-03-03,13,6,1,9,1,0.31741821396993813
2024-03-03 13:40:00,Lunch,168.0,2024-03-03,13,6,1,9,1,0.14854111405835543
2024-03-03 13:50:00,Lunch,118.0,2024-03-03,13,6,1,9,1,0.10433244916003537
2024-03-03 16:00:00,Snacks,136.0,2024-03-03,16,6,1,9,2,0.2693069306930693
2024-03-03 16:10:00,Snacks,175.0,2024-03-03,16,6,1,9,2,0.3465346534653465
2024-03-03 16:20:00,Snacks,209.0,2024-03-03,16,6,1,9,2,0.41386138613861384
2024-03-03 16:30:00,Snacks,255.0,2024-03-03,16,6,1,9,2,0.504950495049505
2024-03-03 16:40:00,Snacks,152.0,2024-03-03,16,6,1,9,2,0.300990099009901
2024-03-03 16:50:00,Snacks,205.0,2024-03-03,16,6,1,9,2,0.40594059405940597
2024-03-03 19:00:00,Dinner,69.0,2024-03-03,19,6,1,9,3,0.058326289095519866
2024-03-03 19:10:00,Dinner,122.0,2024-03-03,19,6,1,9,3,0.10312764158918004
2024-03-03 19:20:00,Dinner,154.0,2024-03-03,19,6,1,9,3,0.1301775147928994
2024-03-03 19:30:00,Dinner,320.0,2024-03-03,19,6,1,9,3,0.2704987320371936
2024-03-03 19:40:00,Dinner,478.0,2024-03-03,19,6,1,9,3,0.4040574809805579
2024-03-03 19:50:00,Dinner,534.0,2024-03-03,19,6,1,9,3,0.4513947590870668
2024-03-03 20:00:00,Dinner,567.0,2024-03-03,20,6,1,9,3,0.47928994082840237
2024-03-03 20:10:00,Dinner,494.0,2024-03-03,20,6,1,9,3,0.4175824175824176
2024-03-03 20:20:00,Dinner,438.0,2024-03-03,20,6,1,9,3,0.3702451394759087
2024-03-03 20:30:00,Dinner,273.0,2024-03-03,20,6,1,9,3,0.23076923076923078
2024-03-03 20:40:00,Dinner,226.0,2024-03-03,20,6,1,9,3,0.19103972950126796
2024-03-03 20:50:00,Dinner,125.0,2024-03-03,20,6,1,9,3,0.10566356720202874
2024-03-04 07:00:00,Breakfast,39.0,2024-03-04,7,0,0,10,0,0.07103825136612021
2024-03-04 07:10:00,Breakfast,114.0,2024-03-04,7,0,0,10,0,0.20765027322404372
2024-03-04 07:20:00,Breakfast,117.0,2024-03-04,7,0,0,10,0,0.21311475409836064
2024-03-04 07:30:00,Breakfast,264.0,2024-03-04,7,0,0,10,0,0.4808743169398907
2024-03-04 07:40:00,Breakfast,351.0,2024-03-04,7,0,0,10,0,0.639344262295082
2024-03-04 07:50:00,Breakfast,345.0,2024-03-04,7,0,0,10,0,0.6284153005464481
2024-03-04 08:00:00,Breakfast,466.0,2024-03-04,8,0,0,10,0,0.848816029143898
2024-03-04 08:10:00,Breakfast,344.0,2024-03-04,8,0,0,10,0,0.6265938069216758
2024-03-04 08:20:00,Breakfast,287.0,2024-03-04,8,0,0,10,0,0.5227686703096539
2024-03-04 08:30:00,Breakfast,192.0,2024-03-04,8,0,0,10,0,0.34972677595628415
2024-03-04 08:40:00,Breakfast,164.0,2024-03-04,8,0,0,10,0,0.2987249544626594
2024-03-04 08:50:00,Breakfast,80.0,2024-03-04,8,0,0,10,0,0.14571948998178508
2024-03-04 12:00:00,Lunch,103.0,2024-03-04,12,0,0,10,1,0.09106984969053934
2024-03-04 12:10:00,Lunch,430.0,2024-03-04,12,0,0,10,1,0.3801945181255526
2024-03-04 12:20:00,Lunch,368.0,2024-03-04,12,0,0,10,1,0.3253757736516357
2024-03-04 12:30:00,Lunch,654.0,2024-03-04,12,0,0,10,1,0.5782493368700266
2024-03-04 12:40:00,Lunch,825.0,2024-03-04,12,0,0,10,1,0.7294429708222812
2024-03-04 12:50:00,Lunch,924.0,2024-03-04,12,0,0,10,1,0.8169761273209549
2024-03-04 13:00:00,Lunch,430.0,2024-03-04,13,0,0,10,1,0.3801945181255526
2024-03-04 13:10:00,Lunch,797.0,2024-03-04,13,0,0,10,1,0.7046861184792219
2024-03-04 13:20:00,Lunch,717.0,2024-03-04,13,0,0,10,1,0.6339522546419099
2024-03-04 13:30:00,Lunch,497.0,2024-03-04,13,0,0,10,1,0.4394341290893015
2024-03-04 13:40:00,Lunch,327.0,2024-03-04,13,0,0,10,1,0.2891246684350133
2024-03-04 13:50:00,Lunch,221.0,2024-03-04,13,0,0,10,1,0.19540229885057472
2024-03-04 16:00:00,Snacks,179.0,2024-03-04,16,0,0,10,2,0.35445544554455444
2024-03-04 16:10:00,Snacks,241.0,2024-03-04,16,0,0,10,2,0.4772277227722772
2024-03-04 16:20:00,Snacks,383.0,2024-03-04,16,0,0,10,2,0.7584158415841584
2024-03-04 16:30:00,Snacks,270.0,2024-03-04,16,0,0,10,2,0.5346534653465347
2024-03-04 16:40:00,Snacks,274.0,2024-03-04,16,0,0,10,2,0.5425742574257426
2024-03-04 16:50:00,Snacks,340.0,2024-03-04,16,0,0,10,2,0.6732673267326733
2024-03-04 19:00:00,Dinner,106.0,2024-03-04,19,0,0,10,3,0.08960270498732037
2024-03-04 19:10:00,Dinner,262.0,2024-03-04,19,0,0,10,3,0.22147083685545224
2024-03-04 19:20:00,Dinner,282.0,2024-03-04,19,0,0,10,3,0.23837700760777683
2024-03-04 19:30:00,Dinner,521.0,2024-03-04,19,0,0,10,3,0.44040574809805577
2024-03-04 19:40:00,Dinner,763.0,2024-03-04,19,0,0,10,3,0.6449704142011834
2024-03-04 19:50:00,Dinner,690.0,2024-03-04,19,0,0,10,3,0.5832628909551987
2024-03-04 20:00:00,Dinner,1071.0,2024-03-04,20,0,0,10,3,0.9053254437869822
2024-03-04 20:10:00,Dinner,755.0,2024-03-04,20,0,0,10,3,0.6382079459002535
2024-03-04 20:20:00,Dinner,735.0,2024-03-04,20,0,0,10,3,0.621301775147929
2024-03-04 20:30:00,Dinner,459.0,2024-03-04,20,0,0,10,3,0.3879966187658495
2024-03-04 20:40:00,Dinner,435.0,2024-03-04,20,0,0,10,3,0.36770921386306
2024-03-04 20:50:00,Dinner,223.0,2024-03-04,20,0,0,10,3,0.18850380388841928
2024-03-05 07:00:00,Breakfast,81.0,2024-03-05,7,1,0,10,0,0.14754098360655737
2024-03-05 07:10:00,Breakfast,123.0,2024-03-05,7,1,0,10,0,0.22404371584699453
2024-03-05 07:20:00,Breakfast,189.0,2024-03-05,7,1,0,10,0,0.3442622950819672
2024-03-05 07:30:00,Breakfast,203.0,2024-03-05,7,1,0,10,0,0.3697632058287796
2024-03-05 07:40:00,Breakfast,324.0,2024-03-05,7,1,0,10,0,0.5901639344262295
2024-03-05 07:50:00,Breakfast,358.0,2024-03-05,7,1,0,10,0,0.6520947176684881
2024-03-05 08:00:00,Breakfast,401.0,2024-03-05,8,1,0,10,0,0.7304189435336976
2024-03-05 08:10:00,Breakfast,200.0,2024-03-05,8,1,0,10,0,0.36429872495446264
2024-03-05 08:20:00,Breakfast,272.0,2024-03-05,8,1,0,10,0,0.49544626593806923
2024-03-05 08:30:00,Breakfast,236.0,2024-03-05,8,1,0,10,0,0.42987249544626593
2024-03-05 08:40:00,Breakfast,161.0,2024-03-05,8,1,0,10,0,0.29326047358834245
2024-03-05 08:50:00,Breakfast,79.0,2024-03-05,8,1,0,10,0,0.14389799635701275
2024-03-05 12:00:00,Lunch,140.0,2024-03-05,12,1,0,10,1,0.1237842617152962
2024-03-05 12:10:00,Lunch,233.0,2024-03-05,12,1,0,10,1,0.20601237842617154
2024-03-05 12:20:00,Lunch,419.0,2024-03-05,12,1,0,10,1,0.3704686118479222
2024-03-05 12:30:00,Lunch,588.0,2024-03-05,12,1,0,10,1,0.519893899204244
2024-03-05 12:40:00,Lunch,526.0,2024-03-05,12,1,0,10,1,0.4650751547303271
2024-03-05 12:50:00,Lunch,740.0,2024-03-05,12,1,0,10,1,0.654288240495137
2024-03-05 13:00:00,Lunch,1131.0,2024-03-05,13,1,0,10,1,1.0
2024-03-05 13:10:00,Lunch,955.0,2024-03-05,13,1,0,10,1,0.8443854995579133
2024-03-05 13:20:00,Lunch,430.0,2024-03-05,13,1,0,10,1,0.3801945181255526
2024-03-05 13:30:00,Lunch,586.0,2024-03-05,13,1,0,10,1,0.5181255526083113
2024-03-05 13:40:00,Lunch,430.0,2024-03-05,13,1,0,10,1,0.3801945181255526
2024-03-05 13:50:00,Lunch,143.0,2024-03-05,13,1,0,10,1,0.12643678160919541
2024-03-05 16:00:00,Snacks,255.0,2024-03-05,16,1,0,10,2,0.504950495049505
2024-03-05 16:10:00,Snacks,283.0,2024-03-05,16,1,0,10,2,0.5603960396039604
2024-03-05 16:20:00,Snacks,342.0,2024-03-05,16,1,0,10,2,0.6772277227722773
2024-03-05 16:30:00,Snacks,277.0,2024-03-05,16,1,0,10,2,0.5485148514851486
2024-03-05 16:40:00,Snacks,268.0,2024-03-05,16,1,0,10,2,0.5306930693069307
2024-03-05 16:50:00,Snacks,205.0,2024-03-05,16,1,0,10,2,0.40594059405940597
2024-03-05 19:00:00,Dinner,146.0,2024-03-05,19,1,0,10,3,0.12341504649196956
2024-03-05 19:10:00,Dinner,151.0,2024-03-05,19,1,0,10,3,0.12764158918005072
2024-03-05 19:20:00,Dinner,442.0,2024-03-05,19,1,0,10,3,0.37362637362637363
2024-03-05 19:30:00,Dinner,434.0,2024-03-05,19,1,0,10,3,0.3668639053254438
2024-03-05 19:40:00,Dinner,549.0,2024-03-05,19,1,0,10,3,0.4640743871513102
2024-03-05 19:50:00,Dinner,797.0,2024-03-05,19,1,0,10,3,0.6737109044801353
2024-03-05 20:00:00,Dinner,759.0,2024-03-05,20,1,0,10,3,0.6415891800507185
2024-03-05 20:10:00,Dinner,816.0,2024-03-05,20,1,0,10,3,0.6897717666948436
2024-03-05 20:20:00,Dinner,586.0,2024-03-05,20,1,0,10,3,0.49535080304311074
2024-03-05 20:30:00,Dinner,489.0,2024-03-05,20,1,0,10,3,0.41335587489433645
2024-03-05 20:40:00,Dinner,305.0,2024-03-05,20,1,0,10,3,0.2578191039729501
2024-03-05 20:50:00,Dinner,243.0,2024-03-05,20,1,0,10,3,0.20540997464074387
2024-03-06 07:00:00,Breakfast,60.0,2024-03-06,7,2,0,10,0,0.1092896174863388
2024-03-06 07:10:00,Breakfast,104.0,2024-03-06,7,2,0,10,0,0.1894353369763206
2024-03-06 07:20:00,Breakfast,195.0,2024-03-06,7,2,0,10,0,0.3551912568306011
2024-03-06 07:30:00,Breakfast,253.0,2024-03-06,7,2,0,10,0,0.46083788706739526
2024-03-06 07:40:00,Breakfast,329.0,2024-03-06,7,2,0,10,0,0.599271402550091
2024-03-06 07:50:00,Breakfast,370.0,2024-03-06,7,2,0,10,0,0.6739526411657559
2024-03-06 08:00:00,Breakfast,353.0,2024-03-06,8,2,0,10,0,0.6429872495446266
2024-03-06 08:10:00,Breakfast,334.0,2024-03-06,8,2,0,10,0,0.6083788706739527
2024-03-06 08:20:00,Breakfast,328.0,2024-03-06,8,2,0,10,0,0.5974499089253188
2024-03-06 08:30:00,Breakfast,284.0,2024-03-06,8,2,0,10,0,0.517304189435337
2024-03-06 08:40:00,Breakfast,181.0,2024-03-06,8,2,0,10,0,0.3296903460837887
2024-03-06 08:50:00,Breakfast,111.0,2024-03-06,8,2,0,10,0,0.20218579234972678
2024-03-06 12:00:00,Lunch,96.0,2024-03-06,12,2,0,10,1,0.08488063660477453
2024-03-06 12:10:00,Lunch,244.0,2024-03-06,12,2,0,10,1,0.21573828470380194
2024-03-06 12:20:00,Lunch,345.0,2024-03-06,12,2,0,10,1,0.3050397877984085
2024-03-06 12:30:00,Lunch,561.0,2024-03-06,12,2,0,10,1,0.4960212201591512
2024-03-06 12:40:00,Lunch,783.0,2024-03-06,12,2,0,10,1,0.6923076923076923
2024-03-06 12:50:00,Lunch,697.0,2024-03-06,12,2,0,10,1,0.6162687886825818
2024-03-06 13:00:00,Lunch,922.0,2024-03-06,13,2,0,10,1,0.8152077807250221
2024-03-06 13:10:00,Lunch,882.0,2024-03-06,13,2,0,10,1,0.7798408488063661
2024-03-06 13:20:00,Lunch,833.0,2024-03-06,13,2,0,10,1,0.7365163572060124
2024-03-06 13:30:00,Lunch,500.0,2024-03-06,13,2,0,10,1,0.4420866489832007
2024-03-06 13:40:00,Lunch,366.0,2024-03-06,13,2,0,10,1,0.32360742705570295
2024-03-06 13:50:00,Lunch,230.0,2024-03-06,13,2,0,10,1,0.20335985853227231
2024-03-06 16:00:00,Snacks,193.0,2024-03-06,16,2,0,10,2,0.3821782178217822
2024-03-06 16:10:00,Snacks,255.0,2024-03-06,16,2,0,10,2,0.504950495049505
2024-03-06 16:20:00,Snacks,299.0,2024-03-06,16,2,0,10,2,0.592079207920792
2024-03-06 16:30:00,Snacks,342.0,2024-03-06,16,2,0,10,2,0.6772277227722773
2024-03-06 16:40:00,Snacks,426.0,2024-03-06,16,2,0,10,2,0.8435643564356435
2024-03-06 16:50:00,Snacks,275.0,2024-03-06,16,2,0,10,2,0.5445544554455446
2024-03-06 19:00:00,Dinner,125.0,2024-03-06,19,2,0,10,3,0.10566356720202874
2024-03-06 19:10:00,Dinner,213.0,2024-03-06,19,2,0,10,3,0.18005071851225699
2024-03-06 19:20:00,Dinner,331.0,2024-03-06,19,2,0,10,3,0.2797971259509721
2024-03-06 19:30:00,Dinner,513.0,2024-03-06,19,2,0,10,3,0.43364327979712597
2024-03-06 19:40:00,Dinner,763.0,2024-03-06,19,2,0,10,3,0.6449704142011834
2024-03-06 19:50:00,Dinner,797.0,2024-03-06,19,2,0,10,3,0.6737109044801353
2024-03-06 20:00:00,Dinner,828.0,2024-03-06,20,2,0,10,3,0.6999154691462384
2024-03-06 20:10:00,Dinner,774.0,2024-03-06,20,2,0,10,3,0.6542688081149619
2024-03-06 20:20:00,Dinner,574.0,2024-03-06,20,2,0,10,3,0.48520710059171596
2024-03-06 20:30:00,Dinner,601.0,2024-03-06,20,2,0,10,3,0.5080304311073541
2024-03-06 20:40:00,Dinner,323.0,2024-03-06,20,2,0,10,3,0.27303465765004226
2024-03-06 20:50:00,Dinner,414.5,2024-03-06,20,2,0,10,3,0.3503803888419273
2024-03-07 07:00:00,Breakfast,57.0,2024-03-07,7,3,0,10,0,0.10382513661202186
2024-03-07 07:10:00,Breakfast,127.0,2024-03-07,7,3,0,10,0,0.23132969034608378
2024-03-07 07:20:00,Breakfast,158.0,2024-03-07,7,3,0,10,0,0.2877959927140255
2024-03-07 07:30:00,Breakfast,212.0,2024-03-07,7,3,0,10,0,0.3861566484517304
2024-03-07 07:40:00,Breakfast,375.0,2024-03-07,7,3,0,10,0,0.6830601092896175
2024-03-07 07:50:00,Breakfast,343.0,2024-03-07,7,3,0,10,0,0.6247723132969034
2024-03-07 08:00:00,Breakfast,483.0,2024-03-07,8,3,0,10,0,0.8797814207650273
2024-03-07 08:10:00,Breakfast,414.0,2024-03-07,8,3,0,10,0,0.7540983606557377
2024-03-07 08:20:00,Breakfast,397.0,2024-03-07,8,3,0,10,0,0.7231329690346083
2024-03-07 08:30:00,Breakfast,202.0,2024-03-07,8,3,0,10,0,0.3679417122040073
2024-03-07 08:40:00,Breakfast,200.0,2024-03-07,8,3,0,10,0,0.36429872495446264
2024-03-07 08:50:00,Breakfast,84.0,2024-03-07,8,3,0,10,0,0.15300546448087432
2024-03-07 12:00:00,Lunch,66.0,2024-03-07,12,3,0,10,1,0.058355437665782495
2024-03-07 12:10:00,Lunch,259.0,2024-03-07,12,3,0,10,1,0.22900088417329797
2024-03-07 12:20:00,Lunch,369.0,2024-03-07,12,3,0,10,1,0.32625994694960214
2024-03-07 12:30:00,Lunch,629.0,2024-03-07,12,3,0,10,1,0.5561450044208665
2024-03-07 12:40:00,Lunch,731.0,2024-03-07,12,3,0,10,1,0.6463306808134395
2024-03-07 12:50:00,Lunch,854.0,2024-03-07,12,3,0,10,1,0.7550839964633068
2024-03-07 13:00:00,Lunch,1109.0,2024-03-07,13,3,0,10,1,0.9805481874447391
2024-03-07 13:10:00,Lunch,867.0,2024-03-07,13,3,0,10,1,0.76657824933687
2024-03-07 13:20:00,Lunch,666.0,2024-03-07,13,3,0,10,1,0.5888594164456233
2024-03-07 13:30:00,Lunch,538.0,2024-03-07,13,3,0,10,1,0.47568523430592397
2024-03-07 13:40:00,Lunch,379.0,2024-03-07,13,3,0,10,1,0.33510167992926615
2024-03-07 13:50:00,Lunch,114.0,2024-03-07,13,3,0,10,1,0.10079575596816977
2024-03-07 16:00:00,Snacks,230.0,2024-03-07,16,3,0,10,2,0.45544554455445546
2024-03-07 16:10:00,Snacks,344.0,2024-03-07,16,3,0,10,2,0.6811881188118812
2024-03-07 16:20:00,Snacks,328.0,2024-03-07,16,3,0,10,2,0.6495049504950495
2024-03-07 16:30:00,Snacks,325.0,2024-03-07,16,3,0,10,2,0.6435643564356436
2024-03-07 16:40:00,Snacks,352.0,2024-03-07,16,3,0,10,2,0.697029702970297
2024-03-07 16:50:00,Snacks,362.0,2024-03-07,16,3,0,10,2,0.7168316831683168
2024-03-07 19:00:00,Dinner,125.0,2024-03-07,19,3,0,10,3,0.10566356720202874
2024-03-07 19:10:00,Dinner,219.0,2024-03-07,19,3,0,10,3,0.18512256973795435
2024-03-07 19:20:00,Dinner,327.0,2024-03-07,19,3,0,10,3,0.2764158918005072
2024-03-07 19:30:00,Dinner,427.0,2024-03-07,19,3,0,10,3,0.3609467455621302
2024-03-07 19:40:00,Dinner,683.0,2024-03-07,19,3,0,10,3,0.577345731191885
2024-03-07 19:50:00,Dinner,809.0,2024-03-07,19,3,0,10,3,0.68385460693153
2024-03-07 20:00:00,Dinner,593.0,2024-03-07,20,3,0,10,3,0.5012679628064244
2024-03-07 20:10:00,Dinner,712.0,2024-03-07,20,3,0,10,3,0.6018596787827557
2024-03-07 20:20:00,Dinner,804.0,2024-03-07,20,3,0,10,3,0.6796280642434489
2024-03-07 20:30:00,Dinner,494.0,2024-03-07,20,3,0,10,3,0.4175824175824176
2024-03-07 20:40:00,Dinner,208.0,2024-03-07,20,3,0,10,3,0.17582417582417584
2024-03-07 20:50:00,Dinner,270.0,2024-03-07,20,3,0,10,3,0.22823330515638207
2024-03-08 07:00:00,Breakfast,42.0,2024-03-08,7,4,0,10,0,0.07650273224043716
2024-03-08 07:10:00,Breakfast,90.0,2024-03-08,7,4,0,10,0,0.16393442622950818
2024-03-08 07:20:00,Breakfast,195.0,2024-03-08,7,4,0,10,0,0.3551912568306011
2024-03-08 07:30:00,Breakfast,211.0,2024-03-08,7,4,0,10,0,0.3843351548269581
2024-03-08 07:40:00,Breakfast,215.0,2024-03-08,7,4,0,10,0,0.39162112932604737
2024-03-08 07:50:00,Breakfast,391.0,2024-03-08,7,4,0,10,0,0.7122040072859745
2024-03-08 08:00:00,Breakfast,451.0,2024-03-08,8,4,0,10,0,0.8214936247723132
2024-03-08 08:10:00,Breakfast,349.0,2024-03-08,8,4,0,10,0,0.6357012750455373
2024-03-08 08:20:00,Breakfast,313.0,2024-03-08,8,4,0,10,0,0.5701275045537341
2024-03-08 08:30:00,Breakfast,193.0,2024-03-08,8,4,0,10,0,0.35154826958105645
2024-03-08 08:40:00,Breakfast,134.0,2024-03-08,8,4,0,10,0,0.24408014571949
2024-03-08 08:50:00,Breakfast,93.0,2024-03-08,8,4,0,10,0,0.16939890710382513
2024-03-08 12:00:00,Lunch,136.0,2024-03-08,12,4,0,10,1,0.12024756852343059
2024-03-08 12:10:00,Lunch,228.0,2024-03-08,12,4,0,10,1,0.20159151193633953
2024-03-08 12:20:00,Lunch,431.0,2024-03-08,12,4,0,10,1,0.381078691423519
2024-03-08 12:30:00,Lunch,689.0,2024-03-08,12,4,0,10,1,0.6091954022988506
2024-03-08 12:40:00,Lunch,820.0,2024-03-08,12,4,0,10,1,0.7250221043324492
2024-03-08 12:50:00,Lunch,640.0,2024-03-08,12,4,0,10,1,0.5658709106984969
2024-03-08 13:00:00,Lunch,860.0,2024-03-08,13,4,0,10,1,0.7603890362511052
2024-03-08 13:10:00,Lunch,967.0,2024-03-08,13,4,0,10,1,0.8549955791335102
2024-03-08 13:20:00,Lunch,707.0,2024-03-08,13,4,0,10,1,0.6251105216622458
2024-03-08 13:30:00,Lunch,405.0,2024-03-08,13,4,0,10,1,0.35809018567639256
2024-03-08 13:40:00,Lunch,336.0,2024-03-08,13,4,0,10,1,0.29708222811671087
2024-03-08 13:50:00,Lunch,136.0,2024-03-08,13,4,0,10,1,0.12024756852343059
2024-03-08 16:00:00,Snacks,202.0,2024-03-08,16,4,0,10,2,0.4
2024-03-08 16:10:00,Snacks,248.0,2024-03-08,16,4,0,10,2,0.4910891089108911
2024-03-08 16:20:00,Snacks,311.0,2024-03-08,16,4,0,10,2,0.6158415841584158
2024-03-08 16:30:00,Snacks,417.0,2024-03-08,16,4,0,10,2,0.8257425742574257
2024-03-08 16:40:00,Snacks,258.0,2024-03-08,16,4,0,10,2,0.5108910891089109
2024-03-08 16:50:00,Snacks,246.0,2024-03-08,16,4,0,10,2,0.4871287128712871
2024-03-08 19:00:00,Dinner,89.0,2024-03-08,19,4,0,10,3,0.07523245984784446
2024-03-08 19:10:00,Dinner,251.0,2024-03-08,19,4,0,10,3,0.2121724429416737
2024-03-08 19:20:00,Dinner,414.0,2024-03-08,19,4,0,10,3,0.3499577345731192
2024-03-08 19:30:00,Dinner,545.0,2024-03-08,19,4,0,10,3,0.4606931530008453
2024-03-08 19:40:00,Dinner,713.0,2024-03-08,19,4,0,10,3,0.6027049873203719
2024-03-08 19:50:00,Dinner,653.0,2024-03-08,19,4,0,10,3,0.5519864750633982
2024-03-08 20:00:00,Dinner,876.0,2024-03-08,20,4,0,10,3,0.7404902789518174
2024-03-08 20:10:00,Dinner,663.0,2024-03-08,20,4,0,10,3,0.5604395604395604
2024-03-08 20:20:00,Dinner,685.0,2024-03-08,20,4,0,10,3,0.5790363482671175
2024-03-08 20:30:00,Dinner,487.0,2024-03-08,20,4,0,10,3,0.41166525781910396
2024-03-08 20:40:00,Dinner,315.0,2024-03-08,20,4,0,10,3,0.26627218934911245
2024-03-08 20:50:00,Dinner,212.0,2024-03-08,20,4,0,10,3,0.17920540997464074
2024-03-09 07:00:00,Breakfast,42.0,2024-03-09,7,5,1,10,0,0.07650273224043716
2024-03-09 07:10:00,Breakfast,90.0,2024-03-09,7,5,1,10,0,0.16393442622950818
2024-03-09 07:20:00,Breakfast,118.0,2024-03-09,7,5,1,10,0,0.21493624772313297
2024-03-09 07:30:00,Breakfast,222.0,2024-03-09,7,5,1,10,0,0.40437158469945356
2024-03-09 07:40:00,Breakfast,215.0,2024-03-09,7,5,1,10,0,0.39162112932604737
2024-03-09 07:50:00,Breakfast,320.0,2024-03-09,7,5,1,10,0,0.5828779599271403
2024-03-09 08:00:00,Breakfast,279.0,2024-03-09,8,5,1,10,0,0.5081967213114754
2024-03-09 08:10:00,Breakfast,200.0,2024-03-09,8,5,1,10,0,0.36429872495446264
2024-03-09 08:20:00,Breakfast,202.0,2024-03-09,8,5,1,10,0,0.3679417122040073
2024-03-09 08:30:00,Breakfast,166.0,2024-03-09,8,5,1,10,0,0.302367941712204
2024-03-09 08:40:00,Breakfast,115.0,2024-03-09,8,5,1,10,0,0.20947176684881602
2024-03-09 08:50:00,Breakfast,43.0,2024-03-09,8,5,1,10,0,0.07832422586520947
2024-03-09 12:00:00,Lunch,90.0,2024-03-09,12,5,1,10,1,0.07957559681697612
2024-03-09 12:10:00,Lunch,105.0,2024-03-09,12,5,1,10,1,0.09283819628647215
2024-03-09 12:20:00,Lunch,269.0,2024-03-09,12,5,1,10,1,0.23784261715296198
2024-03-09 12:30:00,Lunch,389.0,2024-03-09,12,5,1,10,1,0.34394341290893016
2024-03-09 12:40:00,Lunch,575.0,2024-03-09,12,5,1,10,1,0.5083996463306808
2024-03-09 12:50:00,Lunch,477.0,2024-03-09,12,5,1,10,1,0.4217506631299735
2024-03-09 13:00:00,Lunch,493.0,2024-03-09,13,5,1,10,1,0.4358974358974359
2024-03-09 13:10:00,Lunch,650.0,2024-03-09,13,5,1,10,1,0.5747126436781609
2024-03-09 13:20:00,Lunch,387.0,2024-03-09,13,5,1,10,1,0.3421750663129973
2024-03-09 13:30:00,Lunch,286.0,2024-03-09,13,5,1,10,1,0.25287356321839083
2024-03-09 13:40:00,Lunch,249.0,2024-03-09,13,5,1,10,1,0.22015915119363394
2024-03-09 13:50:00,Lunch,144.0,2024-03-09,13,5,1,10,1,0.1273209549071618
2024-03-09 16:00:00,Snacks,141.0,2024-03-09,16,5,1,10,2,0.27920792079207923
2024-03-09 16:10:00,Snacks,199.0,2024-03-09,16,5,1,10,2,0.3940594059405941
2024-03-09 16:20:00,Snacks,235.0,2024-03-09,16,5,1,10,2,0.46534653465346537
2024-03-09 16:30:00,Snacks,224.0,2024-03-09,16,5,1,10,2,0.44356435643564357
2024-03-09 16:40:00,Snacks,217.0,2024-03-09,16,5,1,10,2,0.4297029702970297
2024-03-09 16:50:00,Snacks,180.0,2024-03-09,16,5,1,10,2,0.3564356435643564
2024-03-09 19:00:00,Dinner,75.0,2024-03-09,19,5,1,10,3,0.06339814032121724
2024-03-09 19:10:00,Dinner,102.0,2024-03-09,19,5,1,10,3,0.08622147083685545
2024-03-09 19:20:00,Dinner,256.0,2024-03-09,19,5,1,10,3,0.21639898562975485
2024-03-09 19:30:00,Dinner,393.0,2024-03-09,19,5,1,10,3,0.3322062552831784
2024-03-09 19:40:00,Dinner,487.0,2024-03-09,19,5,1,10,3,0.41166525781910396
2024-03-09 19:50:00,Dinner,569.0,2024-03-09,19,5,1,10,3,0.4809805579036348
2024-03-09 20:00:00,Dinner,465.0,2024-03-09,20,5,1,10,3,0.39306846999154693
2024-03-09 20:10:00,Dinner,404.0,2024-03-09,20,5,1,10,3,0.3415046491969569
2024-03-09 20:20:00,Dinner,501.0,2024-03-09,20,5,1,10,3,0.4234995773457312
2024-03-09 20:30:00,Dinner,336.0,2024-03-09,20,5,1,10,3,0.28402366863905326
2024-03-09 20:40:00,Dinner,233.0,2024-03-09,20,5,1,10,3,0.19695688926458157
2024-03-09 20:50:00,Dinner,143.0,2024-03-09,20,5,1,10,3,0.12087912087912088
2024-03-10 07:00:00,Breakfast,37.0,2024-03-10,7,6,1,10,0,0.06739526411657559
2024-03-10 07:10:00,Breakfast,74.0,2024-03-10,7,6,1,10,0,0.13479052823315119
2024-03-10 07:20:00,Breakfast,104.0,2024-03-10,7,6,1,10,0,0.1894353369763206
2024-03-10 07:30:00,Breakfast,103.0,2024-03-10,7,6,1,10,0,0.18761384335154827
2024-03-10 07:40:00,Breakfast,233.0,2024-03-10,7,6,1,10,0,0.424408014571949
2024-03-10 07:50:00,Breakfast,270.0,2024-03-10,7,6,1,10,0,0.4918032786885246
2024-03-10 08:00:00,Breakfast,203.0,2024-03-10,8,6,1,10,0,0.3697632058287796
2024-03-10 08:10:00,Breakfast,197.0,2024-03-10,8,6,1,10,0,0.3588342440801457
2024-03-10 08:20:00,Breakfast,240.0,2024-03-10,8,6,1,10,0,0.4371584699453552
2024-03-10 08:30:00,Breakfast,189.0,2024-03-10,8,6,1,10,0,0.3442622950819672
2024-03-10 08:40:00,Breakfast,50.0,2024-03-10,8,6,1,10,0,0.09107468123861566
2024-03-10 08:50:00,Breakfast,71.0,2024-03-10,8,6,1,10,0,0.12932604735883424
2024-03-10 12:00:00,Lunch,75.0,2024-03-10,12,6,1,10,1,0.06631299734748011
2024-03-10 12:10:00,Lunch,147.0,2024-03-10,12,6,1,10,1,0.129973474801061
2024-03-10 12:20:00,Lunch,245.0,2024-03-10,12,6,1,10,1,0.21662245800176835
2024-03-10 12:30:00,Lunch,310.0,2024-03-10,12,6,1,10,1,0.27409372236958446
2024-03-10 12:40:00,Lunch,517.0,2024-03-10,12,6,1,10,1,0.45711759504862953
2024-03-10 12:50:00,Lunch,492.0,2024-03-10,12,6,1,10,1,0.4350132625994695
2024-03-10 13:00:00,Lunch,654.0,2024-03-10,13,6,1,10,1,0.5782493368700266
2024-03-10 13:10:00,Lunch,638.0,2024-03-10,13,6,1,10,1,0.5641025641025641
2024-03-10 13:20:00,Lunch,430.0,2024-03-10,13,6,1,10,1,0.3801945181255526
2024-03-10 13:30:00,Lunch,305.0,2024-03-10,13,6,1,10,1,0.2696728558797524
2024-03-10 13:40:00,Lunch,245.0,2024-03-10,13,6,1,10,1,0.21662245800176835
2024-03-10 13:50:00,Lunch,186.0,2024-03-10,13,6,1,10,1,0.16445623342175067
2024-03-10 16:00:00,Snacks,122.0,2024-03-10,16,6,1,10,2,0.24158415841584158
2024-03-10 16:10:00,Snacks,169.0,2024-03-10,16,6,1,10,2,0.3346534653465347
2024-03-10 16:20:00,Snacks,227.0,2024-03-10,16,6,1,10,2,0.4495049504950495
2024-03-10 16:30:00,Snacks,253.0,2024-03-10,16,6,1,10,2,0.500990099009901
2024-03-10 16:40:00,Snacks,234.0,2024-03-10,16,6,1,10,2,0.4633663366336634
2024-03-10 16:50:00,Snacks,183.0,2024-03-10,16,6,1,10,2,0.36237623762376237
2024-03-10 19:00:00,Dinner,69.0,2024-03-10,19,6,1,10,3,0.058326289095519866
2024-03-10 19:10:00,Dinner,146.0,2024-03-10,19,6,1,10,3,0.12341504649196956
2024-03-10 19:20:00,Dinner,102.0,2024-03-10,19,6,1,10,3,0.08622147083685545
2024-03-10 19:30:00,Dinner,438.0,2024-03-10,19,6,1,10,3,0.3702451394759087
2024-03-10 19:40:00,Dinner,429.0,2024-03-10,19,6,1,10,3,0.3626373626373626
2024-03-10 19:50:00,Dinner,537.0,2024-03-10,19,6,1,10,3,0.4539306846999155
2024-03-10 20:00:00,Dinner,736.0,2024-03-10,20,6,1,10,3,0.6221470836855453
2024-03-10 20:10:00,Dinner,460.0,2024-03-10,20,6,1,10,3,0.3888419273034658
2024-03-10 20:20:00,Dinner,608.0,2024-03-10,20,6,1,10,3,0.5139475908706678
2024-03-10 20:30:00,Dinner,375.0,2024-03-10,20,6,1,10,3,0.3169907016060862
2024-03-10 20:40:00,Dinner,244.0,2024-03-10,20,6,1,10,3,0.2062552831783601
2024-03-10 20:50:00,Dinner,154.0,2024-03-10,20,6,1,10,3,0.1301775147928994
2024-03-11 07:00:00,Breakfast,43.0,2024-03-11,7,0,0,11,0,0.07832422586520947
2024-03-11 07:10:00,Breakfast,66.0,2024-03-11,7,0,0,11,0,0.12021857923497267
2024-03-11 07:20:00,Breakfast,129.0,2024-03-11,7,0,0,11,0,0.23497267759562843
2024-03-11 07:30:00,Breakfast,287.0,2024-03-11,7,0,0,11,0,0.5227686703096539
2024-03-11 07:40:00,Breakfast,270.0,2024-03-11,7,0,0,11,0,0.4918032786885246
2024-03-11 07:50:00,Breakfast,276.0,2024-03-11,7,0,0,11,0,0.5027322404371585
2024-03-11 08:00:00,Breakfast,394.0,2024-03-11,8,0,0,11,0,0.7176684881602914
2024-03-11 08:10:00,Breakfast,413.0,2024-03-11,8,0,0,11,0,0.7522768670309654
2024-03-11 08:20:00,Breakfast,322.0,2024-03-11,8,0,0,11,0,0.5865209471766849
2024-03-11 08:30:00,Breakfast,267.0,2024-03-11,8,0,0,11,0,0.48633879781420764
2024-03-11 08:40:00,Breakfast,198.0,2024-03-11,8,0,0,11,0,0.36065573770491804
2024-03-11 08:50:00,Breakfast,111.0,2024-03-11,8,0,0,11,0,0.20218579234972678
2024-03-11 12:00:00,Lunch,118.0,2024-03-11,12,0,0,11,1,0.10433244916003537
2024-03-11 12:10:00,Lunch,203.0,2024-03-11,12,0,0,11,1,0.1794871794871795
2024-03-11 12:20:00,Lunch,416.0,2024-03-11,12,0,0,11,1,0.367816091954023
2024-03-11 12:30:00,Lunch,569.0,2024-03-11,12,0,0,11,1,0.5030946065428824
2024-03-11 12:40:00,Lunch,623.0,2024-03-11,12,0,0,11,1,0.5508399646330681
2024-03-11 12:50:00,Lunch,1024.0,2024-03-11,12,0,0,11,1,0.905393457117595
2024-03-11 13:00:00,Lunch,936.0,2024-03-11,13,0,0,11,1,0.8275862068965517
2024-03-11 13:10:00,Lunch,938.0,2024-03-11,13,0,0,11,1,0.8293545534924845
2024-03-11 13:20:00,Lunch,676.0,2024-03-11,13,0,0,11,1,0.5977011494252874
2024-03-11 13:30:00,Lunch,644.0,2024-03-11,13,0,0,11,1,0.5694076038903625
2024-03-11 13:40:00,Lunch,274.0,2024-03-11,13,0,0,11,1,0.242263483642794
2024-03-11 13:50:00,Lunch,289.0,2024-03-11,13,0,0,11,1,0.25552608311229
2024-03-11 16:00:00,Snacks,140.0,2024-03-11,16,0,0,11,2,0.27722772277227725
2024-03-11 16:10:00,Snacks,215.0,2024-03-11,16,0,0,11,2,0.42574257425742573
2024-03-11 16:20:00,Snacks,344.0,2024-03-11,16,0,0,11,2,0.6811881188118812
2024-03-11 16:30:00,Snacks,319.0,2024-03-11,16,0,0,11,2,0.6316831683168317
2024-03-11 16:40:00,Snacks,313.0,2024-03-11,16,0,0,11,2,0.6198019801980198
2024-03-11 16:50:00,Snacks,255.0,2024-03-11,16,0,0,11,2,0.504950495049505
2024-03-11 19:00:00,Dinner,97.0,2024-03-11,19,0,0,11,3,0.08199492814877431
2024-03-11 19:10:00,Dinner,223.0,2024-03-11,19,0,0,11,3,0.18850380388841928
2024-03-11 19:20:00,Dinner,346.0,2024-03-11,19,0,0,11,3,0.29247675401521556
2024-03-11 19:30:00,Dinner,588.0,2024-03-11,19,0,0,11,3,0.4970414201183432
2024-03-11 19:40:00,Dinner,414.5,2024-03-11,19,0,0,11,3,0.3503803888419273
2024-03-11 19:50:00,Dinner,751.0,2024-03-11,19,0,0,11,3,0.6348267117497887
2024-03-11 20:00:00,Dinner,952.0,2024-03-11,20,0,0,11,3,0.8047337278106509
2024-03-11 20:10:00,Dinner,573.0,2024-03-11,20,0,0,11,3,0.48436179205409974
2024-03-11 20:20:00,Dinner,404.0,2024-03-11,20,0,0,11,3,0.3415046491969569
2024-03-11 20:30:00,Dinner,384.0,2024-03-11,20,0,0,11,3,0.3245984784446323
2024-03-11 20:40:00,Dinner,329.0,2024-03-11,20,0,0,11,3,0.2781065088757396
2024-03-11 20:50:00,Dinner,226.0,2024-03-11,20,0,0,11,3,0.19103972950126796
2024-03-12 07:00:00,Breakfast,19.0,2024-03-12,7,1,0,11,0,0.03460837887067395
2024-03-12 07:10:00,Breakfast,99.0,2024-03-12,7,1,0,11,0,0.18032786885245902
2024-03-12 07:20:00,Breakfast,153.0,2024-03-12,7,1,0,11,0,0.2786885245901639
2024-03-12 07:30:00,Breakfast,248.0,2024-03-12,7,1,0,11,0,0.4517304189435337
2024-03-12 07:40:00,Breakfast,219.0,2024-03-12,7,1,0,11,0,0.3989071038251366
2024-03-12 07:50:00,Breakfast,539.0,2024-03-12,7,1,0,11,0,0.9817850637522769
2024-03-12 08:00:00,Breakfast,402.0,2024-03-12,8,1,0,11,0,0.73224043715847
2024-03-12 08:10:00,Breakfast,303.0,2024-03-12,8,1,0,11,0,0.5519125683060109
2024-03-12 08:20:00,Breakfast,327.0,2024-03-12,8,1,0,11,0,0.5956284153005464
2024-03-12 08:30:00,Breakfast,304.0,2024-03-12,8,1,0,11,0,0.5537340619307832
2024-03-12 08:40:00,Breakfast,126.0,2024-03-12,8,1,0,11,0,0.22950819672131148
2024-03-12 08:50:00,Breakfast,69.0,2024-03-12,8,1,0,11,0,0.12568306010928962
2024-03-12 12:00:00,Lunch,119.0,2024-03-12,12,1,0,11,1,0.10521662245800177
2024-03-12 12:10:00,Lunch,223.0,2024-03-12,12,1,0,11,1,0.1971706454465075
2024-03-12 12:20:00,Lunch,412.0,2024-03-12,12,1,0,11,1,0.36427939876215737
2024-03-12 12:30:00,Lunch,674.0,2024-03-12,12,1,0,11,1,0.5959328028293546
2024-03-12 12:40:00,Lunch,808.0,2024-03-12,12,1,0,11,1,0.7144120247568524
2024-03-12 12:50:00,Lunch,667.0,2024-03-12,12,1,0,11,1,0.5897435897435898
2024-03-12 13:00:00,Lunch,750.0,2024-03-12,13,1,0,11,1,0.6631299734748011
2024-03-12 13:10:00,Lunch,745.0,2024-03-12,13,1,0,11,1,0.6587091069849691
2024-03-12 13:20:00,Lunch,808.0,2024-03-12,13,1,0,11,1,0.7144120247568524
2024-03-12 13:30:00,Lunch,598.0,2024-03-12,13,1,0,11,1,0.5287356321839081
2024-03-12 13:40:00,Lunch,446.0,2024-03-12,13,1,0,11,1,0.394341290893015
2024-03-12 13:50:00,Lunch,245.0,2024-03-12,13,1,0,11,1,0.21662245800176835
2024-03-12 16:00:00,Snacks,189.0,2024-03-12,16,1,0,11,2,0.37425742574257426
2024-03-12 16:10:00,Snacks,271.0,2024-03-12,16,1,0,11,2,0.5366336633663367
2024-03-12 16:20:00,Snacks,251.0,2024-03-12,16,1,0,11,2,0.497029702970297
2024-03-12 16:30:00,Snacks,386.0,2024-03-12,16,1,0,11,2,0.7643564356435644
2024-03-12 16:40:00,Snacks,296.0,2024-03-12,16,1,0,11,2,0.5861386138613861
2024-03-12 16:50:00,Snacks,337.0,2024-03-12,16,1,0,11,2,0.6673267326732674
2024-03-12 19:00:00,Dinner,128.0,2024-03-12,19,1,0,11,3,0.10819949281487742
2024-03-12 19:10:00,Dinner,283.0,2024-03-12,19,1,0,11,3,0.23922231614539308
2024-03-12 19:20:00,Dinner,373.0,2024-03-12,19,1,0,11,3,0.3153000845308538
2024-03-12 19:30:00,Dinner,548.0,2024-03-12,19,1,0,11,3,0.463229078613694
2024-03-12 19:40:00,Dinner,661.0,2024-03-12,19,1,0,11,3,0.558748943364328
2024-03-12 19:50:00,Dinner,755.0,2024-03-12,19,1,0,11,3,0.6382079459002535
2024-03-12 20:00:00,Dinner,815.0,2024-03-12,20,1,0,11,3,0.6889264581572274
2024-03-12 20:10:00,Dinner,929.0,2024-03-12,20,1,0,11,3,0.7852916314454776
2024-03-12 20:20:00,Dinner,536.0,2024-03-12,20,1,0,11,3,0.4530853761622992
2024-03-12 20:30:00,Dinner,520.0,2024-03-12,20,1,0,11,3,0.43956043956043955
2024-03-12 20:40:00,Dinner,253.0,2024-03-12,20,1,0,11,3,0.21386306001690616
2024-03-12 20:50:00,Dinner,225.0,2024-03-12,20,1,0,11,3,0.19019442096365174
2024-03-13 07:00:00,Breakfast,48.0,2024-03-13,7,2,0,11,0,0.08743169398907104
2024-03-13 07:10:00,Breakfast,109.0,2024-03-13,7,2,0,11,0,0.19854280510018216
2024-03-13 07:20:00,Breakfast,142.0,2024-03-13,7,2,0,11,0,0.2586520947176685
2024-03-13 07:30:00,Breakfast,231.0,2024-03-13,7,2,0,11,0,0.4207650273224044
2024-03-13 07:40:00,Breakfast,353.0,2024-03-13,7,2,0,11,0,0.6429872495446266
2024-03-13 07:50:00,Breakfast,386.0,2024-03-13,7,2,0,11,0,0.7030965391621129
2024-03-13 08:00:00,Breakfast,500.0,2024-03-13,8,2,0,11,0,0.9107468123861566
2024-03-13 08:10:00,Breakfast,348.0,2024-03-13,8,2,0,11,0,0.6338797814207651
2024-03-13 08:20:00,Breakfast,290.0,2024-03-13,8,2,0,11,0,0.5282331511839709
2024-03-13 08:30:00,Breakfast,293.0,2024-03-13,8,2,0,11,0,0.5336976320582878
2024-03-13 08:40:00,Breakfast,153.0,2024-03-13,8,2,0,11,0,0.2786885245901639
2024-03-13 08:50:00,Breakfast,91.0,2024-03-13,8,2,0,11,0,0.1657559198542805
2024-03-13 12:00:00,Lunch,130.0,2024-03-13,12,2,0,11,1,0.11494252873563218
2024-03-13 12:10:00,Lunch,218.0,2024-03-13,12,2,0,11,1,0.1927497789566755
2024-03-13 12:20:00,Lunch,351.0,2024-03-13,12,2,0,11,1,0.3103448275862069
2024-03-13 12:30:00,Lunch,485.0,2024-03-13,12,2,0,11,1,0.4288240495137047
2024-03-13 12:40:00,Lunch,430.0,2024-03-13,12,2,0,11,1,0.3801945181255526
2024-03-13 12:50:00,Lunch,831.0,2024-03-13,12,2,0,11,1,0.7347480106100795
2024-03-13 13:00:00,Lunch,821.0,2024-03-13,13,2,0,11,1,0.7259062776304156
2024-03-13 13:10:00,Lunch,811.0,2024-03-13,13,2,0,11,1,0.7170645446507515
2024-03-13 13:20:00,Lunch,760.0,2024-03-13,13,2,0,11,1,0.671971706454465
2024-03-13 13:30:00,Lunch,672.0,2024-03-13,13,2,0,11,1,0.5941644562334217
2024-03-13 13:40:00,Lunch,359.0,2024-03-13,13,2,0,11,1,0.31741821396993813
2024-03-13 13:50:00,Lunch,191.0,2024-03-13,13,2,0,11,1,0.16887709991158267
2024-03-13 16:00:00,Snacks,282.0,2024-03-13,16,2,0,11,2,0.5584158415841585
2024-03-13 16:10:00,Snacks,286.0,2024-03-13,16,2,0,11,2,0.5663366336633663
2024-03-13 16:20:00,Snacks,325.0,2024-03-13,16,2,0,11,2,0.6435643564356436
2024-03-13 16:30:00,Snacks,354.0,2024-03-13,16,2,0,11,2,0.700990099009901
2024-03-13 16:40:00,Snacks,263.0,2024-03-13,16,2,0,11,2,0.5207920792079208
2024-03-13 16:50:00,Snacks,278.0,2024-03-13,16,2,0,11,2,0.5504950495049505
2024-03-13 19:00:00,Dinner,131.0,2024-03-13,19,2,0,11,3,0.11073541842772612
2024-03-13 19:10:00,Dinner,256.0,2024-03-13,19,2,0,11,3,0.21639898562975485
2024-03-13 19:20:00,Dinner,328.0,2024-03-13,19,2,0,11,3,0.2772612003381234
2024-03-13 19:30:00,Dinner,531.0,2024-03-13,19,2,0,11,3,0.44885883347421807
2024-03-13 19:40:00,Dinner,813.0,2024-03-13,19,2,0,11,3,0.687235841081995
2024-03-13 19:50:00,Dinner,808.0,2024-03-13,19,2,0,11,3,0.6830092983939138
2024-03-13 20:00:00,Dinner,945.0,2024-03-13,20,2,0,11,3,0.7988165680473372
2024-03-13 20:10:00,Dinner,857.0,2024-03-13,20,2,0,11,3,0.724429416737109
2024-03-13 20:20:00,Dinner,609.0,2024-03-13,20,2,0,11,3,0.514792899408284
2024-03-13 20:30:00,Dinner,440.0,2024-03-13,20,2,0,11,3,0.37193575655114114
2024-03-13 20:40:00,Dinner,410.0,2024-03-13,20,2,0,11,3,0.34657650042265425
2024-03-13 20:50:00,Dinner,113.0,2024-03-13,20,2,0,11,3,0.09551986475063398
2024-03-14 07:00:00,Breakfast,45.0,2024-03-14,7,3,0,11,0,0.08196721311475409
2024-03-14 07:10:00,Breakfast,71.0,2024-03-14,7,3,0,11,0,0.12932604735883424
2024-03-14 07:20:00,Breakfast,195.0,2024-03-14,7,3,0,11,0,0.3551912568306011
2024-03-14 07:30:00,Breakfast,299.0,2024-03-14,7,3,0,11,0,0.5446265938069217
2024-03-14 07:40:00,Breakfast,281.0,2024-03-14,7,3,0,11,0,0.51183970856102
2024-03-14 07:50:00,Breakfast,549.0,2024-03-14,7,3,0,11,0,1.0
2024-03-14 08:00:00,Breakfast,489.0,2024-03-14,8,3,0,11,0,0.8907103825136612
2024-03-14 08:10:00,Breakfast,390.0,2024-03-14,8,3,0,11,0,0.7103825136612022
2024-03-14 08:20:00,Breakfast,399.0,2024-03-14,8,3,0,11,0,0.726775956284153
2024-03-14 08:30:00,Breakfast,216.0,2024-03-14,8,3,0,11,0,0.39344262295081966
2024-03-14 08:40:00,Breakfast,156.0,2024-03-14,8,3,0,11,0,0.28415300546448086
2024-03-14 08:50:00,Breakfast,108.0,2024-03-14,8,3,0,11,0,0.19672131147540983
2024-03-14 12:00:00,Lunch,105.0,2024-03-14,12,3,0,11,1,0.09283819628647215
2024-03-14 12:10:00,Lunch,174.0,2024-03-14,12,3,0,11,1,0.15384615384615385
2024-03-14 12:20:00,Lunch,313.0,2024-03-14,12,3,0,11,1,0.27674624226348365
2024-03-14 12:30:00,Lunch,528.0,2024-03-14,12,3,0,11,1,0.46684350132625996
2024-03-14 12:40:00,Lunch,773.0,2024-03-14,12,3,0,11,1,0.6834659593280283
2024-03-14 12:50:00,Lunch,806.0,2024-03-14,12,3,0,11,1,0.7126436781609196
2024-03-14 13:00:00,Lunch,670.0,2024-03-14,13,3,0,11,1,0.5923961096374889
2024-03-14 13:10:00,Lunch,913.0,2024-03-14,13,3,0,11,1,0.8072502210433244
2024-03-14 13:20:00,Lunch,864.0,2024-03-14,13,3,0,11,1,0.7639257294429708
2024-03-14 13:30:00,Lunch,488.0,2024-03-14,13,3,0,11,1,0.43147656940760387
2024-03-14 13:40:00,Lunch,470.0,2024-03-14,13,3,0,11,1,0.4155614500442087
2024-03-14 13:50:00,Lunch,258.0,2024-03-14,13,3,0,11,1,0.22811671087533156
2024-03-14 16:00:00,Snacks,173.0,2024-03-14,16,3,0,11,2,0.3425742574257426
2024-03-14 16:10:00,Snacks,249.0,2024-03-14,16,3,0,11,2,0.49306930693069306
2024-03-14 16:20:00,Snacks,313.0,2024-03-14,16,3,0,11,2,0.6198019801980198
2024-03-14 16:30:00,Snacks,339.0,2024-03-14,16,3,0,11,2,0.6712871287128713
2024-03-14 16:40:00,Snacks,197.0,2024-03-14,16,3,0,11,2,0.3900990099009901
2024-03-14 16:50:00,Snacks,244.0,2024-03-14,16,3,0,11,2,0.48316831683168315
2024-03-14 19:00:00,Dinner,102.0,2024-03-14,19,3,0,11,3,0.08622147083685545
2024-03-14 19:10:00,Dinner,281.0,2024-03-14,19,3,0,11,3,0.2375316990701606
2024-03-14 19:20:00,Dinner,362.0,2024-03-14,19,3,0,11,3,0.3060016906170752
2024-03-14 19:30:00,Dinner,449.0,2024-03-14,19,3,0,11,3,0.3795435333896872
2024-03-14 19:40:00,Dinner,633.0,2024-03-14,19,3,0,11,3,0.5350803043110736
2024-03-14 19:50:00,Dinner,857.0,2024-03-14,19,3,0,11,3,0.724429416737109
2024-03-14 20:00:00,Dinner,799.0,2024-03-14,20,3,0,11,3,0.6754015215553677
2024-03-14 20:10:00,Dinner,730.0,2024-03-14,20,3,0,11,3,0.6170752324598479
2024-03-14 20:20:00,Dinner,621.0,2024-03-14,20,3,0,11,3,0.5249366018596788
2024-03-14 20:30:00,Dinner,555.0,2024-03-14,20,3,0,11,3,0.4691462383770076
2024-03-14 20:40:00,Dinner,270.0,2024-03-14,20,3,0,11,3,0.22823330515638207
2024-03-14 20:50:00,Dinner,171.0,2024-03-14,20,3,0,11,3,0.1445477599323753
2024-03-15 07:00:00,Breakfast,41.0,2024-03-15,7,4,0,11,0,0.07468123861566485
2024-03-15 07:10:00,Breakfast,77.0,2024-03-15,7,4,0,11,0,0.14025500910746813
2024-03-15 07:20:00,Breakfast,140.0,2024-03-15,7,4,0,11,0,0.2550091074681239
2024-03-15 07:30:00,Breakfast,279.0,2024-03-15,7,4,0,11,0,0.5081967213114754
2024-03-15 07:40:00,Breakfast,375.0,2024-03-15,7,4,0,11,0,0.6830601092896175
2024-03-15 07:50:00,Breakfast,395.0,2024-03-15,7,4,0,11,0,0.7194899817850637
2024-03-15 08:00:00,Breakfast,413.0,2024-03-15,8,4,0,11,0,0.7522768670309654
2024-03-15 08:10:00,Breakfast,337.0,2024-03-15,8,4,0,11,0,0.6138433515482696
2024-03-15 08:20:00,Breakfast,209.0,2024-03-15,8,4,0,11,0,0.3806921675774135
2024-03-15 08:30:00,Breakfast,248.0,2024-03-15,8,4,0,11,0,0.4517304189435337
2024-03-15 08:40:00,Breakfast,173.0,2024-03-15,8,4,0,11,0,0.3151183970856102
2024-03-15 08:50:00,Breakfast,86.0,2024-03-15,8,4,0,11,0,0.15664845173041894
2024-03-15 12:00:00,Lunch,96.0,2024-03-15,12,4,0,11,1,0.08488063660477453
2024-03-15 12:10:00,Lunch,175.0,2024-03-15,12,4,0,11,1,0.15473032714412024
2024-03-15 12:20:00,Lunch,430.0,2024-03-15,12,4,0,11,1,0.3801945181255526
2024-03-15 12:30:00,Lunch,552.0,2024-03-15,12,4,0,11,1,0.4880636604774536
2024-03-15 12:40:00,Lunch,855.0,2024-03-15,12,4,0,11,1,0.7559681697612732
2024-03-15 12:50:00,Lunch,744.0,2024-03-15,12,4,0,11,1,0.6578249336870027
2024-03-15 13:00:00,Lunch,859.0,2024-03-15,13,4,0,11,1,0.7595048629531388
2024-03-15 13:10:00,Lunch,853.0,2024-03-15,13,4,0,11,1,0.7541998231653404
2024-03-15 13:20:00,Lunch,658.0,2024-03-15,13,4,0,11,1,0.5817860300618921
2024-03-15 13:30:00,Lunch,618.0,2024-03-15,13,4,0,11,1,0.5464190981432361
2024-03-15 13:40:00,Lunch,444.0,2024-03-15,13,4,0,11,1,0.3925729442970822
2024-03-15 13:50:00,Lunch,181.0,2024-03-15,13,4,0,11,1,0.16003536693191867
2024-03-15 16:00:00,Snacks,195.0,2024-03-15,16,4,0,11,2,0.38613861386138615
2024-03-15 16:10:00,Snacks,342.0,2024-03-15,16,4,0,11,2,0.6772277227722773
2024-03-15 16:20:00,Snacks,348.0,2024-03-15,16,4,0,11,2,0.689108910891089
2024-03-15 16:30:00,Snacks,356.0,2024-03-15,16,4,0,11,2,0.7049504950495049
2024-03-15 16:40:00,Snacks,349.0,2024-03-15,16,4,0,11,2,0.691089108910891
2024-03-15 16:50:00,Snacks,311.0,2024-03-15,16,4,0,11,2,0.6158415841584158
2024-03-15 19:00:00,Dinner,123.0,2024-03-15,19,4,0,11,3,0.10397295012679628
2024-03-15 19:10:00,Dinner,219.0,2024-03-15,19,4,0,11,3,0.18512256973795435
2024-03-15 19:20:00,Dinner,349.0,2024-03-15,19,4,0,11,3,0.29501267962806427
2024-03-15 19:30:00,Dinner,626.0,2024-03-15,19,4,0,11,3,0.5291631445477599
2024-03-15 19:40:00,Dinner,652.0,2024-03-15,19,4,0,11,3,0.5511411665257819
2024-03-15 19:50:00,Dinner,804.0,2024-03-15,19,4,0,11,3,0.6796280642434489
2024-03-15 20:00:00,Dinner,1055.0,2024-03-15,20,4,0,11,3,0.8918005071851226
2024-03-15 20:10:00,Dinner,844.0,2024-03-15,20,4,0,11,3,0.7134404057480981
2024-03-15 20:20:00,Dinner,673.0,2024-03-15,20,4,0,11,3,0.5688926458157227
2024-03-15 20:30:00,Dinner,567.0,2024-03-15,20,4,0,11,3,0.47928994082840237
2024-03-15 20:40:00,Dinner,362.0,2024-03-15,20,4,0,11,3,0.3060016906170752
2024-03-15 20:50:00,Dinner,184.0,2024-03-15,20,4,0,11,3,0.15553677092138632
2024-03-16 07:00:00,Breakfast,37.0,2024-03-16,7,5,1,11,0,0.06739526411657559
2024-03-16 07:10:00,Breakfast,52.0,2024-03-16,7,5,1,11,0,0.0947176684881603
2024-03-16 07:20:00,Breakfast,145.0,2024-03-16,7,5,1,11,0,0.2641165755919854
2024-03-16 07:30:00,Breakfast,164.0,2024-03-16,7,5,1,11,0,0.2987249544626594
2024-03-16 07:40:00,Breakfast,174.0,2024-03-16,7,5,1,11,0,0.31693989071038253
2024-03-16 07:50:00,Breakfast,229.0,2024-03-16,7,5,1,11,0,0.41712204007285975
2024-03-16 08:00:00,Breakfast,293.0,2024-03-16,8,5,1,11,0,0.5336976320582878
2024-03-16 08:10:00,Breakfast,200.0,2024-03-16,8,5,1,11,0,0.36429872495446264
2024-03-16 08:20:00,Breakfast,306.0,2024-03-16,8,5,1,11,0,0.5573770491803278
2024-03-16 08:30:00,Breakfast,115.0,2024-03-16,8,5,1,11,0,0.20947176684881602
2024-03-16 08:40:00,Breakfast,126.0,2024-03-16,8,5,1,11,0,0.22950819672131148
2024-03-16 08:50:00,Breakfast,57.0,2024-03-16,8,5,1,11,0,0.10382513661202186
2024-03-16 12:00:00,Lunch,65.0,2024-03-16,12,5,1,11,1,0.05747126436781609
2024-03-16 12:10:00,Lunch,160.0,2024-03-16,12,5,1,11,1,0.14146772767462423
2024-03-16 12:20:00,Lunch,221.0,2024-03-16,12,5,1,11,1,0.19540229885057472
2024-03-16 12:30:00,Lunch,447.0,2024-03-16,12,5,1,11,1,0.3952254641909814
2024-03-16 12:40:00,Lunch,362.0,2024-03-16,12,5,1,11,1,0.32007073386383733
2024-03-16 12:50:00,Lunch,602.0,2024-03-16,12,5,1,11,1,0.5322723253757736
2024-03-16 13:00:00,Lunch,559.0,2024-03-16,13,5,1,11,1,0.4942528735632184
2024-03-16 13:10:00,Lunch,579.0,2024-03-16,13,5,1,11,1,0.5119363395225465
2024-03-16 13:20:00,Lunch,507.0,2024-03-16,13,5,1,11,1,0.4482758620689655
2024-03-16 13:30:00,Lunch,254.0,2024-03-16,13,5,1,11,1,0.22458001768346597
2024-03-16 13:40:00,Lunch,250.0,2024-03-16,13,5,1,11,1,0.22104332449160036
2024-03-16 13:50:00,Lunch,175.0,2024-03-16,13,5,1,11,1,0.15473032714412024
2024-03-16 16:00:00,Snacks,149.0,2024-03-16,16,5,1,11,2,0.29504950495049503
2024-03-16 16:10:00,Snacks,170.0,2024-03-16,16,5,1,11,2,0.33663366336633666
2024-03-16 16:20:00,Snacks,162.0,2024-03-16,16,5,1,11,2,0.3207920792079208
2024-03-16 16:30:00,Snacks,247.0,2024-03-16,16,5,1,11,2,0.4891089108910891
2024-03-16 16:40:00,Snacks,285.0,2024-03-16,16,5,1,11,2,0.5643564356435643
2024-03-16 16:50:00,Snacks,203.0,2024-03-16,16,5,1,11,2,0.401980198019802
2024-03-16 19:00:00,Dinner,93.0,2024-03-16,19,5,1,11,3,0.07861369399830938
2024-03-16 19:10:00,Dinner,161.0,2024-03-16,19,5,1,11,3,0.13609467455621302
2024-03-16 19:20:00,Dinner,211.0,2024-03-16,19,5,1,11,3,0.17836010143702452
2024-03-16 19:30:00,Dinner,340.0,2024-03-16,19,5,1,11,3,0.2874049027895182
2024-03-16 19:40:00,Dinner,504.0,2024-03-16,19,5,1,11,3,0.4260355029585799
2024-03-16 19:50:00,Dinner,390.0,2024-03-16,19,5,1,11,3,0.32967032967032966
2024-03-16 20:00:00,Dinner,609.0,2024-03-16,20,5,1,11,3,0.514792899408284
2024-03-16 20:10:00,Dinner,627.0,2024-03-16,20,5,1,11,3,0.5300084530853761
2024-03-16 20:20:00,Dinner,438.0,2024-03-16,20,5,1,11,3,0.3702451394759087
2024-03-16 20:30:00,Dinner,414.5,2024-03-16,20,5,1,11,3,0.3503803888419273
2024-03-16 20:40:00,Dinner,205.0,2024-03-16,20,5,1,11,3,0.17328825021132713
2024-03-16 20:50:00,Dinner,138.0,2024-03-16,20,5,1,11,3,0.11665257819103973
2024-03-17 07:00:00,Breakfast,32.0,2024-03-17,7,6,1,11,0,0.058287795992714025
2024-03-17 07:10:00,Breakfast,71.0,2024-03-17,7,6,1,11,0,0.12932604735883424
2024-03-17 07:20:00,Breakfast,104.0,2024-03-17,7,6,1,11,0,0.1894353369763206
2024-03-17 07:30:00,Breakfast,109.0,2024-03-17,7,6,1,11,0,0.19854280510018216
2024-03-17 07:40:00,Breakfast,182.0,2024-03-17,7,6,1,11,0,0.331511839708561
2024-03-17 07:50:00,Breakfast,327.0,2024-03-17,7,6,1,11,0,0.5956284153005464
2024-03-17 08:00:00,Breakfast,284.0,2024-03-17,8,6,1,11,0,0.517304189435337
2024-03-17 08:10:00,Breakfast,158.0,2024-03-17,8,6,1,11,0,0.2877959927140255
2024-03-17 08:20:00,Breakfast,251.0,2024-03-17,8,6,1,11,0,0.45719489981785066
2024-03-17 08:30:00,Breakfast,124.0,2024-03-17,8,6,1,11,0,0.22586520947176686
2024-03-17 08:40:00,Breakfast,125.0,2024-03-17,8,6,1,11,0,0.22768670309653916
2024-03-17 08:50:00,Breakfast,83.0,2024-03-17,8,6,1,11,0,0.151183970856102
2024-03-17 12:00:00,Lunch,80.0,2024-03-17,12,6,1,11,1,0.07073386383731212
2024-03-17 12:10:00,Lunch,119.0,2024-03-17,12,6,1,11,1,0.10521662245800177
2024-03-17 12:20:00,Lunch,211.0,2024-03-17,12,6,1,11,1,0.1865605658709107
2024-03-17 12:30:00,Lunch,391.0,2024-03-17,12,6,1,11,1,0.34571175950486294
2024-03-17 12:40:00,Lunch,382.0,2024-03-17,12,6,1,11,1,0.33775419982316535
2024-03-17 12:50:00,Lunch,502.0,2024-03-17,12,6,1,11,1,0.4438549955791335
2024-03-17 13:00:00,Lunch,632.0,2024-03-17,13,6,1,11,1,0.5587975243147657
2024-03-17 13:10:00,Lunch,496.0,2024-03-17,13,6,1,11,1,0.4385499557913351
2024-03-17 13:20:00,Lunch,575.0,2024-03-17,13,6,1,11,1,0.5083996463306808
2024-03-17 13:30:00,Lunch,294.0,2024-03-17,13,6,1,11,1,0.259946949602122
2024-03-17 13:40:00,Lunch,105.0,2024-03-17,13,6,1,11,1,0.09283819628647215
2024-03-17 13:50:00,Lunch,124.0,2024-03-17,13,6,1,11,1,0.10963748894783377
2024-03-17 16:00:00,Snacks,145.0,2024-03-17,16,6,1,11,2,0.2871287128712871
2024-03-17 16:10:00,Snacks,210.0,2024-03-17,16,6,1,11,2,0.4158415841584158
2024-03-17 16:20:00,Snacks,199.0,2024-03-17,16,6,1,11,2,0.3940594059405941
2024-03-17 16:30:00,Snacks,216.0,2024-03-17,16,6,1,11,2,0.4277227722772277
2024-03-17 16:40:00,Snacks,214.0,2024-03-17,16,6,1,11,2,0.42376237623762375
2024-03-17 16:50:00,Snacks,238.0,2024-03-17,16,6,1,11,2,0.47128712871287126
2024-03-17 19:00:00,Dinner,80.0,2024-03-17,19,6,1,11,3,0.0676246830092984
2024-03-17 19:10:00,Dinner,125.0,2024-03-17,19,6,1,11,3,0.10566356720202874
2024-03-17 19:20:00,Dinner,307.0,2024-03-17,19,6,1,11,3,0.2595097210481826
2024-03-17 19:30:00,Dinner,335.0,2024-03-17,19,6,1,11,3,0.28317836010143704
2024-03-17 19:40:00,Dinner,294.0,2024-03-17,19,6,1,11,3,0.2485207100591716
2024-03-17 19:50:00,Dinner,406.0,2024-03-17,19,6,1,11,3,0.3431952662721893
2024-03-17 20:00:00,Dinner,601.0,2024-03-17,20,6,1,11,3,0.5080304311073541
2024-03-17 20:10:00,Dinner,374.0,2024-03-17,20,6,1,11,3,0.31614539306847
2024-03-17 20:20:00,Dinner,477.0,2024-03-17,20,6,1,11,3,0.40321217244294166
2024-03-17 20:30:00,Dinner,292.0,2024-03-17,20,6,1,11,3,0.24683009298393913
2024-03-17 20:40:00,Dinner,273.0,2024-03-17,20,6,1,11,3,0.23076923076923078
2024-03-17 20:50:00,Dinner,142.0,2024-03-17,20,6,1,11,3,0.12003381234150465
2024-03-18 07:00:00,Breakfast,32.0,2024-03-18,7,0,0,12,0,0.058287795992714025
2024-03-18 07:10:00,Breakfast,117.0,2024-03-18,7,0,0,12,0,0.21311475409836064
2024-03-18 07:20:00,Breakfast,204.0,2024-03-18,7,0,0,12,0,0.37158469945355194
2024-03-18 07:30:00,Breakfast,189.0,2024-03-18,7,0,0,12,0,0.3442622950819672
2024-03-18 07:40:00,Breakfast,277.0,2024-03-18,7,0,0,12,0,0.5045537340619308
2024-03-18 07:50:00,Breakfast,409.0,2024-03-18,7,0,0,12,0,0.7449908925318761
2024-03-18 08:00:00,Breakfast,444.0,2024-03-18,8,0,0,12,0,0.8087431693989071
2024-03-18 08:10:00,Breakfast,523.0,2024-03-18,8,0,0,12,0,0.9526411657559198
2024-03-18 08:20:00,Breakfast,367.0,2024-03-18,8,0,0,12,0,0.668488160291439
2024-03-18 08:30:00,Breakfast,341.0,2024-03-18,8,0,0,12,0,0.6211293260473588
2024-03-18 08:40:00,Breakfast,165.0,2024-03-18,8,0,0,12,0,0.3005464480874317
2024-03-18 08:50:00,Breakfast,107.0,2024-03-18,8,0,0,12,0,0.19489981785063754
2024-03-18 12:00:00,Lunch,108.0,2024-03-18,12,0,0,12,1,0.09549071618037135
2024-03-18 12:10:00,Lunch,204.0,2024-03-18,12,0,0,12,1,0.18037135278514588
2024-03-18 12:20:00,Lunch,378.0,2024-03-18,12,0,0,12,1,0.33421750663129973
2024-03-18 12:30:00,Lunch,495.0,2024-03-18,12,0,0,12,1,0.4376657824933687
2024-03-18 12:40:00,Lunch,430.0,2024-03-18,12,0,0,12,1,0.3801945181255526
2024-03-18 12:50:00,Lunch,762.0,2024-03-18,12,0,0,12,1,0.6737400530503979
2024-03-18 13:00:00,Lunch,1050.0,2024-03-18,13,0,0,12,1,0.9283819628647215
2024-03-18 13:10:00,Lunch,861.0,2024-03-18,13,0,0,12,1,0.7612732095490716
2024-03-18 13:20:00,Lunch,729.0,2024-03-18,13,0,0,12,1,0.6445623342175066
2024-03-18 13:30:00,Lunch,479.0,2024-03-18,13,0,0,12,1,0.4235190097259063
2024-03-18 13:40:00,Lunch,390.0,2024-03-18,13,0,0,12,1,0.3448275862068966
2024-03-18 13:50:00,Lunch,288.0,2024-03-18,13,0,0,12,1,0.2546419098143236
2024-03-18 16:00:00,Snacks,263.0,2024-03-18,16,0,0,12,2,0.5207920792079208
2024-03-18 16:10:00,Snacks,297.0,2024-03-18,16,0,0,12,2,0.5881188118811881
2024-03-18 16:20:00,Snacks,284.0,2024-03-18,16,0,0,12,2,0.5623762376237624
2024-03-18 16:30:00,Snacks,451.0,2024-03-18,16,0,0,12,2,0.8930693069306931
2024-03-18 16:40:00,Snacks,388.0,2024-03-18,16,0,0,12,2,0.7683168316831683
2024-03-18 16:50:00,Snacks,210.0,2024-03-18,16,0,0,12,2,0.4158415841584158
2024-03-18 19:00:00,Dinner,75.0,2024-03-18,19,0,0,12,3,0.06339814032121724
2024-03-18 19:10:00,Dinner,159.0,2024-03-18,19,0,0,12,3,0.13440405748098055
2024-03-18 19:20:00,Dinner,321.0,2024-03-18,19,0,0,12,3,0.2713440405748098
2024-03-18 19:30:00,Dinner,589.0,2024-03-18,19,0,0,12,3,0.4978867286559594
2024-03-18 19:40:00,Dinner,774.0,2024-03-18,19,0,0,12,3,0.6542688081149619
2024-03-18 19:50:00,Dinner,846.0,2024-03-18,19,0,0,12,3,0.7151310228233305
2024-03-18 20:00:00,Dinner,831.0,2024-03-18,20,0,0,12,3,0.702451394759087
2024-03-18 20:10:00,Dinner,1101.0,2024-03-18,20,0,0,12,3,0.9306846999154691
2024-03-18 20:20:00,Dinner,684.0,2024-03-18,20,0,0,12,3,0.5781910397295013
2024-03-18 20:30:00,Dinner,508.0,2024-03-18,20,0,0,12,3,0.4294167371090448
2024-03-18 20:40:00,Dinner,320.0,2024-03-18,20,0,0,12,3,0.2704987320371936
2024-03-18 20:50:00,Dinner,293.0,2024-03-18,20,0,0,12,3,0.24767540152155537
2024-03-19 07:00:00,Breakfast,63.0,2024-03-19,7,1,0,12,0,0.11475409836065574
2024-03-19 07:10:00,Breakfast,79.0,2024-03-19,7,1,0,12,0,0.14389799635701275
2024-03-19 07:20:00,Breakfast,130.0,2024-03-19,7,1,0,12,0,0.23679417122040072
2024-03-19 07:30:00,Breakfast,173.0,2024-03-19,7,1,0,12,0,0.3151183970856102
2024-03-19 07:40:00,Breakfast,315.0,2024-03-19,7,1,0,12,0,0.5737704918032787
2024-03-19 07:50:00,Breakfast,285.0,2024-03-19,7,1,0,12,0,0.5191256830601093
2024-03-19 08:00:00,Breakfast,324.0,2024-03-19,8,1,0,12,0,0.5901639344262295
2024-03-19 08:10:00,Breakfast,444.0,2024-03-19,8,1,0,12,0,0.8087431693989071
2024-03-19 08:20:00,Breakfast,367.0,2024-03-19,8,1,0,12,0,0.668488160291439
2024-03-19 08:30:00,Breakfast,304.0,2024-03-19,8,1,0,12,0,0.5537340619307832
2024-03-19 08:40:00,Breakfast,120.0,2024-03-19,8,1,0,12,0,0.2185792349726776
2024-03-19 08:50:00,Breakfast,79.0,2024-03-19,8,1,0,12,0,0.14389799635701275
2024-03-19 12:00:00,Lunch,107.0,2024-03-19,12,1,0,12,1,0.09460654288240496
2024-03-19 12:10:00,Lunch,287.0,2024-03-19,12,1,0,12,1,0.2537577365163572
2024-03-19 12:20:00,Lunch,373.0,2024-03-19,12,1,0,12,1,0.3297966401414677
2024-03-19 12:30:00,Lunch,704.0,2024-03-19,12,1,0,12,1,0.6224580017683466
2024-03-19 12:40:00,Lunch,791.0,2024-03-19,12,1,0,12,1,0.6993810786914235
2024-03-19 12:50:00,Lunch,836.0,2024-03-19,12,1,0,12,1,0.7391688770999116
2024-03-19 13:00:00,Lunch,430.0,2024-03-19,13,1,0,12,1,0.3801945181255526
2024-03-19 13:10:00,Lunch,621.0,2024-03-19,13,1,0,12,1,0.5490716180371353
2024-03-19 13:20:00,Lunch,488.0,2024-03-19,13,1,0,12,1,0.43147656940760387
2024-03-19 13:30:00,Lunch,568.0,2024-03-19,13,1,0,12,1,0.502210433244916
2024-03-19 13:40:00,Lunch,370.0,2024-03-19,13,1,0,12,1,0.3271441202475685
2024-03-19 13:50:00,Lunch,299.0,2024-03-19,13,1,0,12,1,0.26436781609195403
2024-03-19 16:00:00,Snacks,161.0,2024-03-19,16,1,0,12,2,0.3188118811881188
2024-03-19 16:10:00,Snacks,297.0,2024-03-19,16,1,0,12,2,0.5881188118811881
2024-03-19 16:20:00,Snacks,369.0,2024-03-19,16,1,0,12,2,0.7306930693069307
2024-03-19 16:30:00,Snacks,369.0,2024-03-19,16,1,0,12,2,0.7306930693069307
2024-03-19 16:40:00,Snacks,391.0,2024-03-19,16,1,0,12,2,0.7742574257425743
2024-03-19 16:50:00,Snacks,250.0,2024-03-19,16,1,0,12,2,0.49504950495049505
2024-03-19 19:00:00,Dinner,133.0,2024-03-19,19,1,0,12,3,0.11242603550295859
2024-03-19 19:10:00,Dinner,232.0,2024-03-19,19,1,0,12,3,0.19611158072696533
2024-03-19 19:20:00,Dinner,416.0,2024-03-19,19,1,0,12,3,0.3516483516483517
2024-03-19 19:30:00,Dinner,473.0,2024-03-19,19,1,0,12,3,0.39983093829247673
2024-03-19 19:40:00,Dinner,553.0,2024-03-19,19,1,0,12,3,0.46745562130177515
2024-03-19 19:50:00,Dinner,725.0,2024-03-19,19,1,0,12,3,0.6128486897717667
2024-03-19 20:00:00,Dinner,709.0,2024-03-19,20,1,0,12,3,0.599323753169907
2024-03-19 20:10:00,Dinner,733.0,2024-03-19,20,1,0,12,3,0.6196111580726965
2024-03-19 20:20:00,Dinner,644.0,2024-03-19,20,1,0,12,3,0.5443786982248521
2024-03-19 20:30:00,Dinner,440.0,2024-03-19,20,1,0,12,3,0.37193575655114114
2024-03-19 20:40:00,Dinner,349.0,2024-03-19,20,1,0,12,3,0.29501267962806427
2024-03-19 20:50:00,Dinner,168.0,2024-03-19,20,1,0,12,3,0.14201183431952663
2024-03-20 07:00:00,Breakfast,53.0,2024-03-20,7,2,0,12,0,0.0965391621129326
2024-03-20 07:10:00,Breakfast,89.0,2024-03-20,7,2,0,12,0,0.1621129326047359
2024-03-20 07:20:00,Breakfast,160.0,2024-03-20,7,2,0,12,0,0.29143897996357016
2024-03-20 07:30:00,Breakfast,258.0,2024-03-20,7,2,0,12,0,0.46994535519125685
2024-03-20 07:40:00,Breakfast,298.0,2024-03-20,7,2,0,12,0,0.5428051001821493
2024-03-20 07:50:00,Breakfast,330.0,2024-03-20,7,2,0,12,0,0.6010928961748634
2024-03-20 08:00:00,Breakfast,357.0,2024-03-20,8,2,0,12,0,0.6502732240437158
2024-03-20 08:10:00,Breakfast,441.0,2024-03-20,8,2,0,12,0,0.8032786885245902
2024-03-20 08:20:00,Breakfast,387.0,2024-03-20,8,2,0,12,0,0.7049180327868853
2024-03-20 08:30:00,Breakfast,221.0,2024-03-20,8,2,0,12,0,0.40255009107468126
2024-03-20 08:40:00,Breakfast,159.0,2024-03-20,8,2,0,12,0,0.2896174863387978
2024-03-20 08:50:00,Breakfast,65.0,2024-03-20,8,2,0,12,0,0.11839708561020036
2024-03-20 12:00:00,Lunch,117.0,2024-03-20,12,2,0,12,1,0.10344827586206896
2024-03-20 12:10:00,Lunch,168.0,2024-03-20,12,2,0,12,1,0.14854111405835543
2024-03-20 12:20:00,Lunch,340.0,2024-03-20,12,2,0,12,1,0.3006189213085765
2024-03-20 12:30:00,Lunch,639.0,2024-03-20,12,2,0,12,1,0.5649867374005305
2024-03-20 12:40:00,Lunch,550.0,2024-03-20,12,2,0,12,1,0.48629531388152075
2024-03-20 12:50:00,Lunch,731.0,2024-03-20,12,2,0,12,1,0.6463306808134395
2024-03-20 13:00:00,Lunch,774.0,2024-03-20,13,2,0,12,1,0.6843501326259946
2024-03-20 13:10:00,Lunch,629.0,2024-03-20,13,2,0,12,1,0.5561450044208665
2024-03-20 13:20:00,Lunch,430.0,2024-03-20,13,2,0,12,1,0.3801945181255526
2024-03-20 13:30:00,Lunch,569.0,2024-03-20,13,2,0,12,1,0.5030946065428824
2024-03-20 13:40:00,Lunch,479.0,2024-03-20,13,2,0,12,1,0.4235190097259063
2024-03-20 13:50:00,Lunch,185.0,2024-03-20,13,2,0,12,1,0.16357206012378425
2024-03-20 16:00:00,Snacks,146.0,2024-03-20,16,2,0,12,2,0.2891089108910891
2024-03-20 16:10:00,Snacks,324.0,2024-03-20,16,2,0,12,2,0.6415841584158416
2024-03-20 16:20:00,Snacks,311.0,2024-03-20,16,2,0,12,2,0.6158415841584158
2024-03-20 16:30:00,Snacks,323.0,2024-03-20,16,2,0,12,2,0.6396039603960396
2024-03-20 16:40:00,Snacks,411.0,2024-03-20,16,2,0,12,2,0.8138613861386138
2024-03-20 16:50:00,Snacks,288.0,2024-03-20,16,2,0,12,2,0.5702970297029702
2024-03-20 19:00:00,Dinner,135.0,2024-03-20,19,2,0,12,3,0.11411665257819104
2024-03-20 19:10:00,Dinner,189.0,2024-03-20,19,2,0,12,3,0.15976331360946747
2024-03-20 19:20:00,Dinner,414.5,2024-03-20,19,2,0,12,3,0.3503803888419273
2024-03-20 19:30:00,Dinner,485.0,2024-03-20,19,2,0,12,3,0.4099746407438715
2024-03-20 19:40:00,Dinner,752.0,2024-03-20,19,2,0,12,3,0.6356720202874049
2024-03-20 19:50:00,Dinner,810.0,2024-03-20,19,2,0,12,3,0.6846999154691462
2024-03-20 20:00:00,Dinner,912.0,2024-03-20,20,2,0,12,3,0.7709213863060017
2024-03-20 20:10:00,Dinner,477.0,2024-03-20,20,2,0,12,3,0.40321217244294166
2024-03-20 20:20:00,Dinner,479.0,2024-03-20,20,2,0,12,3,0.40490278951817416
2024-03-20 20:30:00,Dinner,338.0,2024-03-20,20,2,0,12,3,0.2857142857142857
2024-03-20 20:40:00,Dinner,327.0,2024-03-20,20,2,0,12,3,0.2764158918005072
2024-03-20 20:50:00,Dinner,160.0,2024-03-20,20,2,0,12,3,0.1352493660185968
2024-03-21 07:00:00,Breakfast,76.0,2024-03-21,7,3,0,12,0,0.1384335154826958
2024-03-21 07:10:00,Breakfast,99.0,2024-03-21,7,3,0,12,0,0.18032786885245902
2024-03-21 07:20:00,Breakfast,170.0,2024-03-21,7,3,0,12,0,0.30965391621129323
2024-03-21 07:30:00,Breakfast,197.0,2024-03-21,7,3,0,12,0,0.3588342440801457
2024-03-21 07:40:00,Breakfast,260.0,2024-03-21,7,3,0,12,0,0.47358834244080145
2024-03-21 07:50:00,Breakfast,474.0,2024-03-21,7,3,0,12,0,0.8633879781420765
2024-03-21 08:00:00,Breakfast,515.0,2024-03-21,8,3,0,12,0,0.9380692167577414
2024-03-21 08:10:00,Breakfast,404.0,2024-03-21,8,3,0,12,0,0.7358834244080146
2024-03-21 08:20:00,Breakfast,212.0,2024-03-21,8,3,0,12,0,0.3861566484517304
2024-03-21 08:30:00,Breakfast,225.0,2024-03-21,8,3,0,12,0,0.4098360655737705
2024-03-21 08:40:00,Breakfast,173.0,2024-03-21,8,3,0,12,0,0.3151183970856102
2024-03-21 08:50:00,Breakfast,95.0,2024-03-21,8,3,0,12,0,0.17304189435336975
2024-03-21 12:00:00,Lunch,72.0,2024-03-21,12,3,0,12,1,0.0636604774535809
2024-03-21 12:10:00,Lunch,295.0,2024-03-21,12,3,0,12,1,0.2608311229000884
2024-03-21 12:20:00,Lunch,319.0,2024-03-21,12,3,0,12,1,0.28205128205128205
2024-03-21 12:30:00,Lunch,429.0,2024-03-21,12,3,0,12,1,0.3793103448275862
2024-03-21 12:40:00,Lunch,717.0,2024-03-21,12,3,0,12,1,0.6339522546419099
2024-03-21 12:50:00,Lunch,1008.0,2024-03-21,12,3,0,12,1,0.8912466843501327
2024-03-21 13:00:00,Lunch,971.0,2024-03-21,13,3,0,12,1,0.8585322723253758
2024-03-21 13:10:00,Lunch,676.0,2024-03-21,13,3,0,12,1,0.5977011494252874
2024-03-21 13:20:00,Lunch,553.0,2024-03-21,13,3,0,12,1,0.48894783377542
2024-03-21 13:30:00,Lunch,355.0,2024-03-21,13,3,0,12,1,0.3138815207780725
2024-03-21 13:40:00,Lunch,352.0,2024-03-21,13,3,0,12,1,0.3112290008841733
2024-03-21 13:50:00,Lunch,206.0,2024-03-21,13,3,0,12,1,0.18213969938107868
2024-03-21 16:00:00,Snacks,231.0,2024-03-21,16,3,0,12,2,0.45742574257425744
2024-03-21 16:10:00,Snacks,248.0,2024-03-21,16,3,0,12,2,0.4910891089108911
2024-03-21 16:20:00,Snacks,384.0,2024-03-21,16,3,0,12,2,0.7603960396039604
2024-03-21 16:30:00,Snacks,387.0,2024-03-21,16,3,0,12,2,0.7663366336633664
2024-03-21 16:40:00,Snacks,291.0,2024-03-21,16,3,0,12,2,0.5762376237623762
2024-03-21 16:50:00,Snacks,298.0,2024-03-21,16,3,0,12,2,0.5900990099009901
2024-03-21 19:00:00,Dinner,144.0,2024-03-21,19,3,0,12,3,0.12172442941673711
2024-03-21 19:10:00,Dinner,176.0,2024-03-21,19,3,0,12,3,0.14877430262045646
2024-03-21 19:20:00,Dinner,337.0,2024-03-21,19,3,0,12,3,0.2848689771766695
2024-03-21 19:30:00,Dinner,496.0,2024-03-21,19,3,0,12,3,0.41927303465765003
2024-03-21 19:40:00,Dinner,642.0,2024-03-21,19,3,0,12,3,0.5426880811496196
2024-03-21 19:50:00,Dinner,904.0,2024-03-21,19,3,0,12,3,0.7641589180050719
2024-03-21 20:00:00,Dinner,966.0,2024-03-21,20,3,0,12,3,0.8165680473372781
2024-03-21 20:10:00,Dinner,855.0,2024-03-21,20,3,0,12,3,0.7227387996618766
2024-03-21 20:20:00,Dinner,719.0,2024-03-21,20,3,0,12,3,0.6077768385460693
2024-03-21 20:30:00,Dinner,469.0,2024-03-21,20,3,0,12,3,0.39644970414201186
2024-03-21 20:40:00,Dinner,368.0,2024-03-21,20,3,0,12,3,0.31107354184277264
2024-03-21 20:50:00,Dinner,164.0,2024-03-21,20,3,0,12,3,0.1386306001690617
2024-03-22 07:00:00,Breakfast,86.0,2024-03-22,7,4,0,12,0,0.15664845173041894
2024-03-22 07:10:00,Breakfast,126.0,2024-03-22,7,4,0,12,0,0.22950819672131148
2024-03-22 07:20:00,Breakfast,192.0,2024-03-22,7,4,0,12,0,0.34972677595628415
2024-03-22 07:30:00,Breakfast,259.0,2024-03-22,7,4,0,12,0,0.47176684881602915
2024-03-22 07:40:00,Breakfast,341.0,2024-03-22,7,4,0,12,0,0.6211293260473588
2024-03-22 07:50:00,Breakfast,274.0,2024-03-22,7,4,0,12,0,0.4990892531876138
2024-03-22 08:00:00,Breakfast,318.0,2024-03-22,8,4,0,12,0,0.5792349726775956
2024-03-22 08:10:00,Breakfast,200.0,2024-03-22,8,4,0,12,0,0.36429872495446264
2024-03-22 08:20:00,Breakfast,323.0,2024-03-22,8,4,0,12,0,0.5883424408014571
2024-03-22 08:30:00,Breakfast,230.0,2024-03-22,8,4,0,12,0,0.41894353369763204
2024-03-22 08:40:00,Breakfast,200.0,2024-03-22,8,4,0,12,0,0.36429872495446264
2024-03-22 08:50:00,Breakfast,80.0,2024-03-22,8,4,0,12,0,0.14571948998178508
2024-03-22 12:00:00,Lunch,145.0,2024-03-22,12,4,0,12,1,0.1282051282051282
2024-03-22 12:10:00,Lunch,192.0,2024-03-22,12,4,0,12,1,0.16976127320954906
2024-03-22 12:20:00,Lunch,344.0,2024-03-22,12,4,0,12,1,0.3041556145004421
2024-03-22 12:30:00,Lunch,623.0,2024-03-22,12,4,0,12,1,0.5508399646330681
2024-03-22 12:40:00,Lunch,777.0,2024-03-22,12,4,0,12,1,0.6870026525198939
2024-03-22 12:50:00,Lunch,685.0,2024-03-22,12,4,0,12,1,0.6056587091069849
2024-03-22 13:00:00,Lunch,1048.0,2024-03-22,13,4,0,12,1,0.9266136162687887
2024-03-22 13:10:00,Lunch,863.0,2024-03-22,13,4,0,12,1,0.7630415561450045
2024-03-22 13:20:00,Lunch,478.0,2024-03-22,13,4,0,12,1,0.42263483642793986
2024-03-22 13:30:00,Lunch,472.0,2024-03-22,13,4,0,12,1,0.41732979664014147
2024-03-22 13:40:00,Lunch,345.0,2024-03-22,13,4,0,12,1,0.3050397877984085
2024-03-22 13:50:00,Lunch,179.0,2024-03-22,13,4,0,12,1,0.15826702033598586
2024-03-22 16:00:00,Snacks,261.0,2024-03-22,16,4,0,12,2,0.5168316831683168
2024-03-22 16:10:00,Snacks,262.0,2024-03-22,16,4,0,12,2,0.5188118811881188
2024-03-22 16:20:00,Snacks,356.0,2024-03-22,16,4,0,12,2,0.7049504950495049
2024-03-22 16:30:00,Snacks,361.0,2024-03-22,16,4,0,12,2,0.7148514851485148
2024-03-22 16:40:00,Snacks,369.0,2024-03-22,16,4,0,12,2,0.7306930693069307
2024-03-22 16:50:00,Snacks,358.0,2024-03-22,16,4,0,12,2,0.7089108910891089
2024-03-22 19:00:00,Dinner,130.0,2024-03-22,19,4,0,12,3,0.10989010989010989
2024-03-22 19:10:00,Dinner,276.0,2024-03-22,19,4,0,12,3,0.23330515638207946
2024-03-22 19:20:00,Dinner,389.0,2024-03-22,19,4,0,12,3,0.32882502113271345
2024-03-22 19:30:00,Dinner,526.0,2024-03-22,19,4,0,12,3,0.4446322907861369
2024-03-22 19:40:00,Dinner,715.0,2024-03-22,19,4,0,12,3,0.6043956043956044
2024-03-22 19:50:00,Dinner,474.0,2024-03-22,19,4,0,12,3,0.400676246830093
2024-03-22 20:00:00,Dinner,789.0,2024-03-22,20,4,0,12,3,0.6669484361792054
2024-03-22 20:10:00,Dinner,786.0,2024-03-22,20,4,0,12,3,0.6644125105663568
2024-03-22 20:20:00,Dinner,727.0,2024-03-22,20,4,0,12,3,0.6145393068469992
2024-03-22 20:30:00,Dinner,513.0,2024-03-22,20,4,0,12,3,0.43364327979712597
2024-03-22 20:40:00,Dinner,368.0,2024-03-22,20,4,0,12,3,0.31107354184277264
2024-03-22 20:50:00,Dinner,163.0,2024-03-22,20,4,0,12,3,0.13778529163144548
2024-03-23 07:00:00,Breakfast,18.0,2024-03-23,7,5,1,12,0,0.03278688524590164
2024-03-23 07:10:00,Breakfast,47.0,2024-03-23,7,5,1,12,0,0.08561020036429873
2024-03-23 07:20:00,Breakfast,139.0,2024-03-23,7,5,1,12,0,0.25318761384335153
2024-03-23 07:30:00,Breakfast,121.0,2024-03-23,7,5,1,12,0,0.2204007285974499
2024-03-23 07:40:00,Breakfast,179.0,2024-03-23,7,5,1,12,0,0.32604735883424407
2024-03-23 07:50:00,Breakfast,250.0,2024-03-23,7,5,1,12,0,0.4553734061930783
2024-03-23 08:00:00,Breakfast,189.0,2024-03-23,8,5,1,12,0,0.3442622950819672
2024-03-23 08:10:00,Breakfast,209.0,2024-03-23,8,5,1,12,0,0.3806921675774135
2024-03-23 08:20:00,Breakfast,232.0,2024-03-23,8,5,1,12,0,0.4225865209471767
2024-03-23 08:30:00,Breakfast,145.0,2024-03-23,8,5,1,12,0,0.2641165755919854
2024-03-23 08:40:00,Breakfast,142.0,2024-03-23,8,5,1,12,0,0.2586520947176685
2024-03-23 08:50:00,Breakfast,39.0,2024-03-23,8,5,1,12,0,0.07103825136612021
2024-03-23 12:00:00,Lunch,73.0,2024-03-23,12,5,1,12,1,0.0645446507515473
2024-03-23 12:10:00,Lunch,134.0,2024-03-23,12,5,1,12,1,0.1184792219274978
2024-03-23 12:20:00,Lunch,240.0,2024-03-23,12,5,1,12,1,0.21220159151193635
2024-03-23 12:30:00,Lunch,283.0,2024-03-23,12,5,1,12,1,0.2502210433244916
2024-03-23 12:40:00,Lunch,424.0,2024-03-23,12,5,1,12,1,0.3748894783377542
2024-03-23 12:50:00,Lunch,622.0,2024-03-23,12,5,1,12,1,0.5499557913351016
2024-03-23 13:00:00,Lunch,560.0,2024-03-23,13,5,1,12,1,0.4951370468611848
2024-03-23 13:10:00,Lunch,459.0,2024-03-23,13,5,1,12,1,0.40583554376657827
2024-03-23 13:20:00,Lunch,624.0,2024-03-23,13,5,1,12,1,0.5517241379310345
2024-03-23 13:30:00,Lunch,357.0,2024-03-23,13,5,1,12,1,0.3156498673740053
2024-03-23 13:40:00,Lunch,265.0,2024-03-23,13,5,1,12,1,0.23430592396109637
2024-03-23 13:50:00,Lunch,166.0,2024-03-23,13,5,1,12,1,0.14677276746242263
2024-03-23 16:00:00,Snacks,136.0,2024-03-23,16,5,1,12,2,0.2693069306930693
2024-03-23 16:10:00,Snacks,156.0,2024-03-23,16,5,1,12,2,0.3089108910891089
2024-03-23 16:20:00,Snacks,222.0,2024-03-23,16,5,1,12,2,0.4396039603960396
2024-03-23 16:30:00,Snacks,200.0,2024-03-23,16,5,1,12,2,0.39603960396039606
2024-03-23 16:40:00,Snacks,229.0,2024-03-23,16,5,1,12,2,0.4534653465346535
2024-03-23 16:50:00,Snacks,176.0,2024-03-23,16,5,1,12,2,0.3485148514851485
2024-03-23 19:00:00,Dinner,91.0,2024-03-23,19,5,1,12,3,0.07692307692307693
2024-03-23 19:10:00,Dinner,108.0,2024-03-23,19,5,1,12,3,0.09129332206255283
2024-03-23 19:20:00,Dinner,255.0,2024-03-23,19,5,1,12,3,0.21555367709213863
2024-03-23 19:30:00,Dinner,369.0,2024-03-23,19,5,1,12,3,0.31191885038038886
2024-03-23 19:40:00,Dinner,425.0,2024-03-23,19,5,1,12,3,0.3592561284868977
2024-03-23 19:50:00,Dinner,583.0,2024-03-23,19,5,1,12,3,0.49281487743026203
2024-03-23 20:00:00,Dinner,589.0,2024-03-23,20,5,1,12,3,0.4978867286559594
2024-03-23 20:10:00,Dinner,578.0,2024-03-23,20,5,1,12,3,0.4885883347421809
2024-03-23 20:20:00,Dinner,485.0,2024-03-23,20,5,1,12,3,0.4099746407438715
2024-03-23 20:30:00,Dinner,337.0,2024-03-23,20,5,1,12,3,0.2848689771766695
2024-03-23 20:40:00,Dinner,203.0,2024-03-23,20,5,1,12,3,0.17159763313609466
2024-03-23 20:50:00,Dinner,122.0,2024-03-23,20,5,1,12,3,0.10312764158918004
2024-03-24 07:00:00,Breakfast,32.0,2024-03-24,7,6,1,12,0,0.058287795992714025
2024-03-24 07:10:00,Breakfast,77.0,2024-03-24,7,6,1,12,0,0.14025500910746813
2024-03-24 07:20:00,Breakfast,120.0,2024-03-24,7,6,1,12,0,0.2185792349726776
2024-03-24 07:30:00,Breakfast,186.0,2024-03-24,7,6,1,12,0,0.33879781420765026
2024-03-24 07:40:00,Breakfast,248.0,2024-03-24,7,6,1,12,0,0.4517304189435337
2024-03-24 07:50:00,Breakfast,236.0,2024-03-24,7,6,1,12,0,0.42987249544626593
2024-03-24 08:00:00,Breakfast,346.0,2024-03-24,8,6,1,12,0,0.6302367941712204
2024-03-24 08:10:00,Breakfast,241.0,2024-03-24,8,6,1,12,0,0.43897996357012753
2024-03-24 08:20:00,Breakfast,190.0,2024-03-24,8,6,1,12,0,0.3460837887067395
2024-03-24 08:30:00,Breakfast,167.0,2024-03-24,8,6,1,12,0,0.30418943533697634
2024-03-24 08:40:00,Breakfast,117.0,2024-03-24,8,6,1,12,0,0.21311475409836064
2024-03-24 08:50:00,Breakfast,53.0,2024-03-24,8,6,1,12,0,0.0965391621129326
2024-03-24 12:00:00,Lunch,76.0,2024-03-24,12,6,1,12,1,0.0671971706454465
2024-03-24 12:10:00,Lunch,133.0,2024-03-24,12,6,1,12,1,0.11759504862953139
2024-03-24 12:20:00,Lunch,246.0,2024-03-24,12,6,1,12,1,0.21750663129973474
2024-03-24 12:30:00,Lunch,401.0,2024-03-24,12,6,1,12,1,0.35455349248452694
2024-03-24 12:40:00,Lunch,448.0,2024-03-24,12,6,1,12,1,0.39610963748894784
2024-03-24 12:50:00,Lunch,603.0,2024-03-24,12,6,1,12,1,0.53315649867374
2024-03-24 13:00:00,Lunch,456.0,2024-03-24,13,6,1,12,1,0.40318302387267907
2024-03-24 13:10:00,Lunch,631.0,2024-03-24,13,6,1,12,1,0.5579133510167993
2024-03-24 13:20:00,Lunch,434.0,2024-03-24,13,6,1,12,1,0.3837312113174182
2024-03-24 13:30:00,Lunch,327.0,2024-03-24,13,6,1,12,1,0.2891246684350133
2024-03-24 13:40:00,Lunch,256.0,2024-03-24,13,6,1,12,1,0.22634836427939875
2024-03-24 13:50:00,Lunch,158.0,2024-03-24,13,6,1,12,1,0.13969938107869143
2024-03-24 16:00:00,Snacks,135.0,2024-03-24,16,6,1,12,2,0.26732673267326734
2024-03-24 16:10:00,Snacks,153.0,2024-03-24,16,6,1,12,2,0.30297029702970296
2024-03-24 16:20:00,Snacks,197.0,2024-03-24,16,6,1,12,2,0.3900990099009901
2024-03-24 16:30:00,Snacks,231.0,2024-03-24,16,6,1,12,2,0.45742574257425744
2024-03-24 16:40:00,Snacks,233.0,2024-03-24,16,6,1,12,2,0.4613861386138614
2024-03-24 16:50:00,Snacks,155.0,2024-03-24,16,6,1,12,2,0.3069306930693069
2024-03-24 19:00:00,Dinner,64.0,2024-03-24,19,6,1,12,3,0.05409974640743871
2024-03-24 19:10:00,Dinner,144.0,2024-03-24,19,6,1,12,3,0.12172442941673711
2024-03-24 19:20:00,Dinner,223.0,2024-03-24,19,6,1,12,3,0.18850380388841928
2024-03-24 19:30:00,Dinner,343.0,2024-03-24,19,6,1,12,3,0.28994082840236685
2024-03-24 19:40:00,Dinner,255.0,2024-03-24,19,6,1,12,3,0.21555367709213863
2024-03-24 19:50:00,Dinner,498.0,2024-03-24,19,6,1,12,3,0.4209636517328825
2024-03-24 20:00:00,Dinner,627.0,2024-03-24,20,6,1,12,3,0.5300084530853761
2024-03-24 20:10:00,Dinner,471.0,2024-03-24,20,6,1,12,3,0.3981403212172443
2024-03-24 20:20:00,Dinner,477.0,2024-03-24,20,6,1,12,3,0.40321217244294166
2024-03-24 20:30:00,Dinner,268.0,2024-03-24,20,6,1,12,3,0.2265426880811496
2024-03-24 20:40:00,Dinner,166.0,2024-03-24,20,6,1,12,3,0.14032121724429417
2024-03-24 20:50:00,Dinner,148.0,2024-03-24,20,6,1,12,3,0.12510566356720204
2024-03-25 07:00:00,Breakfast,53.0,2024-03-25,7,0,0,13,0,0.0965391621129326
2024-03-25 07:10:00,Breakfast,93.0,2024-03-25,7,0,0,13,0,0.16939890710382513
2024-03-25 07:20:00,Breakfast,189.0,2024-03-25,7,0,0,13,0,0.3442622950819672
2024-03-25 07:30:00,Breakfast,229.0,2024-03-25,7,0,0,13,0,0.41712204007285975
2024-03-25 07:40:00,Breakfast,286.0,2024-03-25,7,0,0,13,0,0.5209471766848816
2024-03-25 07:50:00,Breakfast,332.0,2024-03-25,7,0,0,13,0,0.604735883424408
2024-03-25 08:00:00,Breakfast,338.0,2024-03-25,8,0,0,13,0,0.6156648451730419
2024-03-25 08:10:00,Breakfast,407.0,2024-03-25,8,0,0,13,0,0.7413479052823315
2024-03-25 08:20:00,Breakfast,303.0,2024-03-25,8,0,0,13,0,0.5519125683060109
2024-03-25 08:30:00,Breakfast,289.0,2024-03-25,8,0,0,13,0,0.5264116575591985
2024-03-25 08:40:00,Breakfast,76.0,2024-03-25,8,0,0,13,0,0.1384335154826958
2024-03-25 08:50:00,Breakfast,118.0,2024-03-25,8,0,0,13,0,0.21493624772313297
2024-03-25 12:00:00,Lunch,130.0,2024-03-25,12,0,0,13,1,0.11494252873563218
2024-03-25 12:10:00,Lunch,220.0,2024-03-25,12,0,0,13,1,0.1945181255526083
2024-03-25 12:20:00,Lunch,291.0,2024-03-25,12,0,0,13,1,0.2572944297082228
2024-03-25 12:30:00,Lunch,401.0,2024-03-25,12,0,0,13,1,0.35455349248452694
2024-03-25 12:40:00,Lunch,805.0,2024-03-25,12,0,0,13,1,0.7117595048629531
2024-03-25 12:50:00,Lunch,883.0,2024-03-25,12,0,0,13,1,0.7807250221043325
2024-03-25 13:00:00,Lunch,931.0,2024-03-25,13,0,0,13,1,0.8231653404067197
2024-03-25 13:10:00,Lunch,837.0,2024-03-25,13,0,0,13,1,0.7400530503978779
2024-03-25 13:20:00,Lunch,816.0,2024-03-25,13,0,0,13,1,0.7214854111405835
2024-03-25 13:30:00,Lunch,494.0,2024-03-25,13,0,0,13,1,0.4367816091954023
2024-03-25 13:40:00,Lunch,349.0,2024-03-25,13,0,0,13,1,0.30857648099027407
2024-03-25 13:50:00,Lunch,217.0,2024-03-25,13,0,0,13,1,0.1918656056587091
2024-03-25 16:00:00,Snacks,204.0,2024-03-25,16,0,0,13,2,0.403960396039604
2024-03-25 16:10:00,Snacks,343.0,2024-03-25,16,0,0,13,2,0.6792079207920793
2024-03-25 16:20:00,Snacks,262.0,2024-03-25,16,0,0,13,2,0.5188118811881188
2024-03-25 16:30:00,Snacks,237.0,2024-03-25,16,0,0,13,2,0.4693069306930693
2024-03-25 16:40:00,Snacks,251.0,2024-03-25,16,0,0,13,2,0.497029702970297
2024-03-25 16:50:00,Snacks,312.0,2024-03-25,16,0,0,13,2,0.6178217821782178
2024-03-25 19:00:00,Dinner,112.0,2024-03-25,19,0,0,13,3,0.09467455621301775
2024-03-25 19:10:00,Dinner,153.0,2024-03-25,19,0,0,13,3,0.1293322062552832
2024-03-25 19:20:00,Dinner,355.0,2024-03-25,19,0,0,13,3,0.30008453085376163
2024-03-25 19:30:00,Dinner,488.0,2024-03-25,19,0,0,13,3,0.4125105663567202
2024-03-25 19:40:00,Dinner,740.0,2024-03-25,19,0,0,13,3,0.6255283178360102
2024-03-25 19:50:00,Dinner,903.0,2024-03-25,19,0,0,13,3,0.7633136094674556
2024-03-25 20:00:00,Dinner,1183.0,2024-03-25,20,0,0,13,3,1.0
2024-03-25 20:10:00,Dinner,655.0,2024-03-25,20,0,0,13,3,0.5536770921386306
2024-03-25 20:20:00,Dinner,481.0,2024-03-25,20,0,0,13,3,0.4065934065934066
2024-03-25 20:30:00,Dinner,564.0,2024-03-25,20,0,0,13,3,0.47675401521555366
2024-03-25 20:40:00,Dinner,406.0,2024-03-25,20,0,0,13,3,0.3431952662721893
2024-03-25 20:50:00,Dinner,165.0,2024-03-25,20,0,0,13,3,0.13947590870667795
2024-03-26 07:00:00,Breakfast,37.0,2024-03-26,7,1,0,13,0,0.06739526411657559
2024-03-26 07:10:00,Breakfast,106.0,2024-03-26,7,1,0,13,0,0.1930783242258652
2024-03-26 07:20:00,Breakfast,215.0,2024-03-26,7,1,0,13,0,0.39162112932604737
2024-03-26 07:30:00,Breakfast,206.0,2024-03-26,7,1,0,13,0,0.37522768670309653
2024-03-26 07:40:00,Breakfast,324.0,2024-03-26,7,1,0,13,0,0.5901639344262295
2024-03-26 07:50:00,Breakfast,261.0,2024-03-26,7,1,0,13,0,0.47540983606557374
2024-03-26 08:00:00,Breakfast,387.0,2024-03-26,8,1,0,13,0,0.7049180327868853
2024-03-26 08:10:00,Breakfast,371.0,2024-03-26,8,1,0,13,0,0.6757741347905283
2024-03-26 08:20:00,Breakfast,398.0,2024-03-26,8,1,0,13,0,0.7249544626593807
2024-03-26 08:30:00,Breakfast,213.0,2024-03-26,8,1,0,13,0,0.3879781420765027
2024-03-26 08:40:00,Breakfast,184.0,2024-03-26,8,1,0,13,0,0.33515482695810567
2024-03-26 08:50:00,Breakfast,84.0,2024-03-26,8,1,0,13,0,0.15300546448087432
2024-03-26 12:00:00,Lunch,123.0,2024-03-26,12,1,0,13,1,0.10875331564986737
2024-03-26 12:10:00,Lunch,304.0,2024-03-26,12,1,0,13,1,0.268788682581786
2024-03-26 12:20:00,Lunch,478.0,2024-03-26,12,1,0,13,1,0.42263483642793986
2024-03-26 12:30:00,Lunch,716.0,2024-03-26,12,1,0,13,1,0.6330680813439434
2024-03-26 12:40:00,Lunch,765.0,2024-03-26,12,1,0,13,1,0.6763925729442971
2024-03-26 12:50:00,Lunch,823.0,2024-03-26,12,1,0,13,1,0.7276746242263483
2024-03-26 13:00:00,Lunch,430.0,2024-03-26,13,1,0,13,1,0.3801945181255526
2024-03-26 13:10:00,Lunch,913.0,2024-03-26,13,1,0,13,1,0.8072502210433244
2024-03-26 13:20:00,Lunch,764.0,2024-03-26,13,1,0,13,1,0.6755083996463307
2024-03-26 13:30:00,Lunch,484.0,2024-03-26,13,1,0,13,1,0.42793987621573826
2024-03-26 13:40:00,Lunch,324.0,2024-03-26,13,1,0,13,1,0.2864721485411141
2024-03-26 13:50:00,Lunch,201.0,2024-03-26,13,1,0,13,1,0.17771883289124668
2024-03-26 16:00:00,Snacks,251.0,2024-03-26,16,1,0,13,2,0.497029702970297
2024-03-26 16:10:00,Snacks,335.0,2024-03-26,16,1,0,13,2,0.6633663366336634
2024-03-26 16:20:00,Snacks,505.0,2024-03-26,16,1,0,13,2,1.0
2024-03-26 16:30:00,Snacks,374.0,2024-03-26,16,1,0,13,2,0.7405940594059406
2024-03-26 16:40:00,Snacks,287.0,2024-03-26,16,1,0,13,2,0.5683168316831683
2024-03-26 16:50:00,Snacks,257.0,2024-03-26,16,1,0,13,2,0.5089108910891089
2024-03-26 19:00:00,Dinner,111.0,2024-03-26,19,1,0,13,3,0.09382924767540152
2024-03-26 19:10:00,Dinner,267.0,2024-03-26,19,1,0,13,3,0.2256973795435334
2024-03-26 19:20:00,Dinner,391.0,2024-03-26,19,1,0,13,3,0.3305156382079459
2024-03-26 19:30:00,Dinner,404.0,2024-03-26,19,1,0,13,3,0.3415046491969569
2024-03-26 19:40:00,Dinner,674.0,2024-03-26,19,1,0,13,3,0.569737954353339
2024-03-26 19:50:00,Dinner,619.0,2024-03-26,19,1,0,13,3,0.5232459847844463
2024-03-26 20:00:00,Dinner,928.0,2024-03-26,20,1,0,13,3,0.7844463229078613
2024-03-26 20:10:00,Dinner,715.0,2024-03-26,20,1,0,13,3,0.6043956043956044
2024-03-26 20:20:00,Dinner,615.0,2024-03-26,20,1,0,13,3,0.5198647506339814
2024-03-26 20:30:00,Dinner,360.0,2024-03-26,20,1,0,13,3,0.3043110735418428
2024-03-26 20:40:00,Dinner,392.0,2024-03-26,20,1,0,13,3,0.33136094674556216
2024-03-26 20:50:00,Dinner,256.0,2024-03-26,20,1,0,13,3,0.21639898562975485
2024-03-27 07:00:00,Breakfast,45.0,2024-03-27,7,2,0,13,0,0.08196721311475409
2024-03-27 07:10:00,Breakfast,96.0,2024-03-27,7,2,0,13,0,0.17486338797814208
2024-03-27 07:20:00,Breakfast,150.0,2024-03-27,7,2,0,13,0,0.273224043715847
2024-03-27 07:30:00,Breakfast,233.0,2024-03-27,7,2,0,13,0,0.424408014571949
2024-03-27 07:40:00,Breakfast,276.0,2024-03-27,7,2,0,13,0,0.5027322404371585
2024-03-27 07:50:00,Breakfast,310.0,2024-03-27,7,2,0,13,0,0.5646630236794171
2024-03-27 08:00:00,Breakfast,488.0,2024-03-27,8,2,0,13,0,0.8888888888888888
2024-03-27 08:10:00,Breakfast,215.0,2024-03-27,8,2,0,13,0,0.39162112932604737
2024-03-27 08:20:00,Breakfast,347.0,2024-03-27,8,2,0,13,0,0.6320582877959927
2024-03-27 08:30:00,Breakfast,254.0,2024-03-27,8,2,0,13,0,0.46265938069216755
2024-03-27 08:40:00,Breakfast,213.0,2024-03-27,8,2,0,13,0,0.3879781420765027
2024-03-27 08:50:00,Breakfast,95.0,2024-03-27,8,2,0,13,0,0.17304189435336975
2024-03-27 12:00:00,Lunch,113.0,2024-03-27,12,2,0,13,1,0.09991158267020336
2024-03-27 12:10:00,Lunch,193.0,2024-03-27,12,2,0,13,1,0.17064544650751548
2024-03-27 12:20:00,Lunch,391.0,2024-03-27,12,2,0,13,1,0.34571175950486294
2024-03-27 12:30:00,Lunch,484.0,2024-03-27,12,2,0,13,1,0.42793987621573826
2024-03-27 12:40:00,Lunch,592.0,2024-03-27,12,2,0,13,1,0.5234305923961097
2024-03-27 12:50:00,Lunch,753.0,2024-03-27,12,2,0,13,1,0.6657824933687002
2024-03-27 13:00:00,Lunch,767.0,2024-03-27,13,2,0,13,1,0.6781609195402298
2024-03-27 13:10:00,Lunch,717.0,2024-03-27,13,2,0,13,1,0.6339522546419099
2024-03-27 13:20:00,Lunch,730.0,2024-03-27,13,2,0,13,1,0.6454465075154731
2024-03-27 13:30:00,Lunch,528.0,2024-03-27,13,2,0,13,1,0.46684350132625996
2024-03-27 13:40:00,Lunch,403.0,2024-03-27,13,2,0,13,1,0.3563218390804598
2024-03-27 13:50:00,Lunch,230.0,2024-03-27,13,2,0,13,1,0.20335985853227231
2024-03-27 16:00:00,Snacks,167.0,2024-03-27,16,2,0,13,2,0.3306930693069307
2024-03-27 16:10:00,Snacks,180.0,2024-03-27,16,2,0,13,2,0.3564356435643564
2024-03-27 16:20:00,Snacks,273.0,2024-03-27,16,2,0,13,2,0.5405940594059406
2024-03-27 16:30:00,Snacks,393.0,2024-03-27,16,2,0,13,2,0.7782178217821782
2024-03-27 16:40:00,Snacks,371.0,2024-03-27,16,2,0,13,2,0.7346534653465346
2024-03-27 16:50:00,Snacks,326.0,2024-03-27,16,2,0,13,2,0.6455445544554456
2024-03-27 19:00:00,Dinner,133.0,2024-03-27,19,2,0,13,3,0.11242603550295859
2024-03-27 19:10:00,Dinner,251.0,2024-03-27,19,2,0,13,3,0.2121724429416737
2024-03-27 19:20:00,Dinner,372.0,2024-03-27,19,2,0,13,3,0.3144547759932375
2024-03-27 19:30:00,Dinner,663.0,2024-03-27,19,2,0,13,3,0.5604395604395604
2024-03-27 19:40:00,Dinner,712.0,2024-03-27,19,2,0,13,3,0.6018596787827557
2024-03-27 19:50:00,Dinner,1055.0,2024-03-27,19,2,0,13,3,0.8918005071851226
2024-03-27 20:00:00,Dinner,767.0,2024-03-27,20,2,0,13,3,0.6483516483516484
2024-03-27 20:10:00,Dinner,722.0,2024-03-27,20,2,0,13,3,0.610312764158918
2024-03-27 20:20:00,Dinner,660.0,2024-03-27,20,2,0,13,3,0.5579036348267118
2024-03-27 20:30:00,Dinner,512.0,2024-03-27,20,2,0,13,3,0.4327979712595097
2024-03-27 20:40:00,Dinner,331.0,2024-03-27,20,2,0,13,3,0.2797971259509721
2024-03-27 20:50:00,Dinner,231.0,2024-03-27,20,2,0,13,3,0.1952662721893491
2024-03-28 07:00:00,Breakfast,52.0,2024-03-28,7,3,0,13,0,0.0947176684881603
2024-03-28 07:10:00,Breakfast,87.0,2024-03-28,7,3,0,13,0,0.15846994535519127
2024-03-28 07:20:00,Breakfast,152.0,2024-03-28,7,3,0,13,0,0.2768670309653916
2024-03-28 07:30:00,Breakfast,293.0,2024-03-28,7,3,0,13,0,0.5336976320582878
2024-03-28 07:40:00,Breakfast,337.0,2024-03-28,7,3,0,13,0,0.6138433515482696
2024-03-28 07:50:00,Breakfast,274.0,2024-03-28,7,3,0,13,0,0.4990892531876138
2024-03-28 08:00:00,Breakfast,498.0,2024-03-28,8,3,0,13,0,0.907103825136612
2024-03-28 08:10:00,Breakfast,405.0,2024-03-28,8,3,0,13,0,0.7377049180327869
2024-03-28 08:20:00,Breakfast,354.0,2024-03-28,8,3,0,13,0,0.644808743169399
2024-03-28 08:30:00,Breakfast,281.0,2024-03-28,8,3,0,13,0,0.51183970856102
2024-03-28 08:40:00,Breakfast,193.0,2024-03-28,8,3,0,13,0,0.35154826958105645
2024-03-28 08:50:00,Breakfast,81.0,2024-03-28,8,3,0,13,0,0.14754098360655737
2024-03-28 12:00:00,Lunch,96.0,2024-03-28,12,3,0,13,1,0.08488063660477453
2024-03-28 12:10:00,Lunch,317.0,2024-03-28,12,3,0,13,1,0.28028293545534927
2024-03-28 12:20:00,Lunch,327.0,2024-03-28,12,3,0,13,1,0.2891246684350133
2024-03-28 12:30:00,Lunch,578.0,2024-03-28,12,3,0,13,1,0.51105216622458
2024-03-28 12:40:00,Lunch,905.0,2024-03-28,12,3,0,13,1,0.8001768346595933
2024-03-28 12:50:00,Lunch,792.0,2024-03-28,12,3,0,13,1,0.7002652519893899
2024-03-28 13:00:00,Lunch,849.0,2024-03-28,13,3,0,13,1,0.7506631299734748
2024-03-28 13:10:00,Lunch,974.0,2024-03-28,13,3,0,13,1,0.861184792219275
2024-03-28 13:20:00,Lunch,744.0,2024-03-28,13,3,0,13,1,0.6578249336870027
2024-03-28 13:30:00,Lunch,588.0,2024-03-28,13,3,0,13,1,0.519893899204244
2024-03-28 13:40:00,Lunch,365.0,2024-03-28,13,3,0,13,1,0.32272325375773653
2024-03-28 13:50:00,Lunch,204.0,2024-03-28,13,3,0,13,1,0.18037135278514588
2024-03-28 16:00:00,Snacks,200.0,2024-03-28,16,3,0,13,2,0.39603960396039606
2024-03-28 16:10:00,Snacks,336.0,2024-03-28,16,3,0,13,2,0.6653465346534654
2024-03-28 16:20:00,Snacks,314.0,2024-03-28,16,3,0,13,2,0.6217821782178218
2024-03-28 16:30:00,Snacks,374.0,2024-03-28,16,3,0,13,2,0.7405940594059406
2024-03-28 16:40:00,Snacks,278.0,2024-03-28,16,3,0,13,2,0.5504950495049505
2024-03-28 16:50:00,Snacks,376.0,2024-03-28,16,3,0,13,2,0.7445544554455445
2024-03-28 19:00:00,Dinner,122.0,2024-03-28,19,3,0,13,3,0.10312764158918004
2024-03-28 19:10:00,Dinner,224.0,2024-03-28,19,3,0,13,3,0.1893491124260355
2024-03-28 19:20:00,Dinner,402.0,2024-03-28,19,3,0,13,3,0.33981403212172445
2024-03-28 19:30:00,Dinner,475.0,2024-03-28,19,3,0,13,3,0.4015215553677092
2024-03-28 19:40:00,Dinner,808.0,2024-03-28,19,3,0,13,3,0.6830092983939138
2024-03-28 19:50:00,Dinner,613.0,2024-03-28,19,3,0,13,3,0.518174133558749
2024-03-28 20:00:00,Dinner,768.0,2024-03-28,20,3,0,13,3,0.6491969568892646
2024-03-28 20:10:00,Dinner,703.0,2024-03-28,20,3,0,13,3,0.5942519019442096
2024-03-28 20:20:00,Dinner,479.0,2024-03-28,20,3,0,13,3,0.40490278951817416
2024-03-28 20:30:00,Dinner,472.0,2024-03-28,20,3,0,13,3,0.3989856297548605
2024-03-28 20:40:00,Dinner,346.0,2024-03-28,20,3,0,13,3,0.29247675401521556
2024-03-28 20:50:00,Dinner,171.0,2024-03-28,20,3,0,13,3,0.1445477599323753
2024-03-29 07:00:00,Breakfast,37.0,2024-03-29,7,4,0,13,0,0.06739526411657559
2024-03-29 07:10:00,Breakfast,100.0,2024-03-29,7,4,0,13,0,0.18214936247723132
2024-03-29 07:20:00,Breakfast,162.0,2024-03-29,7,4,0,13,0,0.29508196721311475
2024-03-29 07:30:00,Breakfast,231.0,2024-03-29,7,4,0,13,0,0.4207650273224044
2024-03-29 07:40:00,Breakfast,253.0,2024-03-29,7,4,0,13,0,0.46083788706739526
2024-03-29 07:50:00,Breakfast,354.0,2024-03-29,7,4,0,13,0,0.644808743169399
2024-03-29 08:00:00,Breakfast,356.0,2024-03-29,8,4,0,13,0,0.6484517304189436
2024-03-29 08:10:00,Breakfast,383.0,2024-03-29,8,4,0,13,0,0.697632058287796
2024-03-29 08:20:00,Breakfast,290.0,2024-03-29,8,4,0,13,0,0.5282331511839709
2024-03-29 08:30:00,Breakfast,241.0,2024-03-29,8,4,0,13,0,0.43897996357012753
2024-03-29 08:40:00,Breakfast,125.0,2024-03-29,8,4,0,13,0,0.22768670309653916
2024-03-29 08:50:00,Breakfast,71.0,2024-03-29,8,4,0,13,0,0.12932604735883424
2024-03-29 12:00:00,Lunch,134.0,2024-03-29,12,4,0,13,1,0.1184792219274978
2024-03-29 12:10:00,Lunch,254.0,2024-03-29,12,4,0,13,1,0.22458001768346597
2024-03-29 12:20:00,Lunch,346.0,2024-03-29,12,4,0,13,1,0.3059239610963749
2024-03-29 12:30:00,Lunch,548.0,2024-03-29,12,4,0,13,1,0.484526967285588
2024-03-29 12:40:00,Lunch,669.0,2024-03-29,12,4,0,13,1,0.5915119363395226
2024-03-29 12:50:00,Lunch,996.0,2024-03-29,12,4,0,13,1,0.8806366047745358
2024-03-29 13:00:00,Lunch,871.0,2024-03-29,13,4,0,13,1,0.7701149425287356
2024-03-29 13:10:00,Lunch,785.0,2024-03-29,13,4,0,13,1,0.6940760389036251
2024-03-29 13:20:00,Lunch,430.0,2024-03-29,13,4,0,13,1,0.3801945181255526
2024-03-29 13:30:00,Lunch,478.0,2024-03-29,13,4,0,13,1,0.42263483642793986
2024-03-29 13:40:00,Lunch,379.0,2024-03-29,13,4,0,13,1,0.33510167992926615
2024-03-29 13:50:00,Lunch,183.0,2024-03-29,13,4,0,13,1,0.16180371352785147
2024-03-29 16:00:00,Snacks,236.0,2024-03-29,16,4,0,13,2,0.46732673267326735
2024-03-29 16:10:00,Snacks,318.0,2024-03-29,16,4,0,13,2,0.6297029702970297
2024-03-29 16:20:00,Snacks,260.0,2024-03-29,16,4,0,13,2,0.5148514851485149
2024-03-29 16:30:00,Snacks,255.0,2024-03-29,16,4,0,13,2,0.504950495049505
2024-03-29 16:40:00,Snacks,346.0,2024-03-29,16,4,0,13,2,0.6851485148514852
2024-03-29 16:50:00,Snacks,371.0,2024-03-29,16,4,0,13,2,0.7346534653465346
2024-03-29 19:00:00,Dinner,134.0,2024-03-29,19,4,0,13,3,0.1132713440405748
2024-03-29 19:10:00,Dinner,204.0,2024-03-29,19,4,0,13,3,0.1724429416737109
2024-03-29 19:20:00,Dinner,300.0,2024-03-29,19,4,0,13,3,0.25359256128486896
2024-03-29 19:30:00,Dinner,415.0,2024-03-29,19,4,0,13,3,0.3508030431107354
2024-03-29 19:40:00,Dinner,757.0,2024-03-29,19,4,0,13,3,0.6398985629754861
2024-03-29 19:50:00,Dinner,919.0,2024-03-29,19,4,0,13,3,0.7768385460693153
2024-03-29 20:00:00,Dinner,766.0,2024-03-29,20,4,0,13,3,0.6475063398140322
2024-03-29 20:10:00,Dinner,773.0,2024-03-29,20,4,0,13,3,0.6534234995773457
2024-03-29 20:20:00,Dinner,685.0,2024-03-29,20,4,0,13,3,0.5790363482671175
2024-03-29 20:30:00,Dinner,664.0,2024-03-29,20,4,0,13,3,0.5612848689771767
2024-03-29 20:40:00,Dinner,353.0,2024-03-29,20,4,0,13,3,0.29839391377852914
2024-03-29 20:50:00,Dinner,175.0,2024-03-29,20,4,0,13,3,0.14792899408284024
2024-03-30 07:00:00,Breakfast,23.0,2024-03-30,7,5,1,13,0,0.04189435336976321
2024-03-30 07:10:00,Breakfast,51.0,2024-03-30,7,5,1,13,0,0.09289617486338798
2024-03-30 07:20:00,Breakfast,133.0,2024-03-30,7,5,1,13,0,0.24225865209471767
2024-03-30 07:30:00,Breakfast,172.0,2024-03-30,7,5,1,13,0,0.3132969034608379
2024-03-30 07:40:00,Breakfast,195.0,2024-03-30,7,5,1,13,0,0.3551912568306011
2024-03-30 07:50:00,Breakfast,123.0,2024-03-30,7,5,1,13,0,0.22404371584699453
2024-03-30 08:00:00,Breakfast,222.0,2024-03-30,8,5,1,13,0,0.40437158469945356
2024-03-30 08:10:00,Breakfast,260.0,2024-03-30,8,5,1,13,0,0.47358834244080145
2024-03-30 08:20:00,Breakfast,220.0,2024-03-30,8,5,1,13,0,0.4007285974499089
2024-03-30 08:30:00,Breakfast,167.0,2024-03-30,8,5,1,13,0,0.30418943533697634
2024-03-30 08:40:00,Breakfast,78.0,2024-03-30,8,5,1,13,0,0.14207650273224043
2024-03-30 08:50:00,Breakfast,67.0,2024-03-30,8,5,1,13,0,0.122040072859745
2024-03-30 12:00:00,Lunch,62.0,2024-03-30,12,5,1,13,1,0.05481874447391689
2024-03-30 12:10:00,Lunch,145.0,2024-03-30,12,5,1,13,1,0.1282051282051282
2024-03-30 12:20:00,Lunch,208.0,2024-03-30,12,5,1,13,1,0.1839080459770115
2024-03-30 12:30:00,Lunch,417.0,2024-03-30,12,5,1,13,1,0.3687002652519894
2024-03-30 12:40:00,Lunch,493.0,2024-03-30,12,5,1,13,1,0.4358974358974359
2024-03-30 12:50:00,Lunch,540.0,2024-03-30,12,5,1,13,1,0.47745358090185674
2024-03-30 13:00:00,Lunch,713.0,2024-03-30,13,5,1,13,1,0.6304155614500442
2024-03-30 13:10:00,Lunch,520.0,2024-03-30,13,5,1,13,1,0.45977011494252873
2024-03-30 13:20:00,Lunch,361.0,2024-03-30,13,5,1,13,1,0.3191865605658709
2024-03-30 13:30:00,Lunch,416.0,2024-03-30,13,5,1,13,1,0.367816091954023
2024-03-30 13:40:00,Lunch,250.0,2024-03-30,13,5,1,13,1,0.22104332449160036
2024-03-30 13:50:00,Lunch,137.0,2024-03-30,13,5,1,13,1,0.121131741821397
2024-03-30 16:00:00,Snacks,121.0,2024-03-30,16,5,1,13,2,0.2396039603960396
2024-03-30 16:10:00,Snacks,198.0,2024-03-30,16,5,1,13,2,0.3920792079207921
2024-03-30 16:20:00,Snacks,245.0,2024-03-30,16,5,1,13,2,0.48514851485148514
2024-03-30 16:30:00,Snacks,197.0,2024-03-30,16,5,1,13,2,0.3900990099009901
2024-03-30 16:40:00,Snacks,236.0,2024-03-30,16,5,1,13,2,0.46732673267326735
2024-03-30 16:50:00,Snacks,190.0,2024-03-30,16,5,1,13,2,0.37623762376237624
2024-03-30 19:00:00,Dinner,61.0,2024-03-30,19,5,1,13,3,0.05156382079459002
2024-03-30 19:10:00,Dinner,137.0,2024-03-30,19,5,1,13,3,0.1158072696534235
2024-03-30 19:20:00,Dinner,205.0,2024-03-30,19,5,1,13,3,0.17328825021132713
2024-03-30 19:30:00,Dinner,403.0,2024-03-30,19,5,1,13,3,0.34065934065934067
2024-03-30 19:40:00,Dinner,396.0,2024-03-30,19,5,1,13,3,0.33474218089602703
2024-03-30 19:50:00,Dinner,648.0,2024-03-30,19,5,1,13,3,0.547759932375317
2024-03-30 20:00:00,Dinner,564.0,2024-03-30,20,5,1,13,3,0.47675401521555366
2024-03-30 20:10:00,Dinner,377.0,2024-03-30,20,5,1,13,3,0.31868131868131866
2024-03-30 20:20:00,Dinner,287.0,2024-03-30,20,5,1,13,3,0.24260355029585798
2024-03-30 20:30:00,Dinner,323.0,2024-03-30,20,5,1,13,3,0.27303465765004226
2024-03-30 20:40:00,Dinner,279.0,2024-03-30,20,5,1,13,3,0.23584108199492815
2024-03-30 20:50:00,Dinner,169.0,2024-03-30,20,5,1,13,3,0.14285714285714285
2024-03-31 07:00:00,Breakfast,36.0,2024-03-31,7,6,1,13,0,0.06557377049180328
2024-03-31 07:10:00,Breakfast,53.0,2024-03-31,7,6,1,13,0,0.0965391621129326
2024-03-31 07:20:00,Breakfast,98.0,2024-03-31,7,6,1,13,0,0.1785063752276867
2024-03-31 07:30:00,Breakfast,163.0,2024-03-31,7,6,1,13,0,0.29690346083788705
2024-03-31 07:40:00,Breakfast,247.0,2024-03-31,7,6,1,13,0,0.44990892531876137
2024-03-31 07:50:00,Breakfast,269.0,2024-03-31,7,6,1,13,0,0.4899817850637523
2024-03-31 08:00:00,Breakfast,302.0,2024-03-31,8,6,1,13,0,0.5500910746812386
2024-03-31 08:10:00,Breakfast,272.0,2024-03-31,8,6,1,13,0,0.49544626593806923
2024-03-31 08:20:00,Breakfast,242.0,2024-03-31,8,6,1,13,0,0.4408014571948998
2024-03-31 08:30:00,Breakfast,92.0,2024-03-31,8,6,1,13,0,0.16757741347905283
2024-03-31 08:40:00,Breakfast,88.0,2024-03-31,8,6,1,13,0,0.16029143897996356
2024-03-31 08:50:00,Breakfast,48.0,2024-03-31,8,6,1,13,0,0.08743169398907104
2024-03-31 12:00:00,Lunch,58.0,2024-03-31,12,6,1,13,1,0.05128205128205128
2024-03-31 12:10:00,Lunch,146.0,2024-03-31,12,6,1,13,1,0.1290893015030946
2024-03-31 12:20:00,Lunch,181.0,2024-03-31,12,6,1,13,1,0.16003536693191867
2024-03-31 12:30:00,Lunch,299.0,2024-03-31,12,6,1,13,1,0.26436781609195403
2024-03-31 12:40:00,Lunch,461.0,2024-03-31,12,6,1,13,1,0.40760389036251105
2024-03-31 12:50:00,Lunch,412.0,2024-03-31,12,6,1,13,1,0.36427939876215737
2024-03-31 13:00:00,Lunch,539.0,2024-03-31,13,6,1,13,1,0.4765694076038904
2024-03-31 13:10:00,Lunch,609.0,2024-03-31,13,6,1,13,1,0.5384615384615384
2024-03-31 13:20:00,Lunch,376.0,2024-03-31,13,6,1,13,1,0.33244916003536695
2024-03-31 13:30:00,Lunch,401.0,2024-03-31,13,6,1,13,1,0.35455349248452694
2024-03-31 13:40:00,Lunch,207.0,2024-03-31,13,6,1,13,1,0.1830238726790451
2024-03-31 13:50:00,Lunch,153.0,2024-03-31,13,6,1,13,1,0.13527851458885942
2024-03-31 16:00:00,Snacks,109.0,2024-03-31,16,6,1,13,2,0.21584158415841584
2024-03-31 16:10:00,Snacks,196.0,2024-03-31,16,6,1,13,2,0.38811881188118813
2024-03-31 16:20:00,Snacks,203.0,2024-03-31,16,6,1,13,2,0.401980198019802
2024-03-31 16:30:00,Snacks,245.0,2024-03-31,16,6,1,13,2,0.48514851485148514
2024-03-31 16:40:00,Snacks,194.0,2024-03-31,16,6,1,13,2,0.38415841584158417
2024-03-31 16:50:00,Snacks,200.0,2024-03-31,16,6,1,13,2,0.39603960396039606
2024-03-31 19:00:00,Dinner,88.0,2024-03-31,19,6,1,13,3,0.07438715131022823
2024-03-31 19:10:00,Dinner,414.5,2024-03-31,19,6,1,13,3,0.3503803888419273
2024-03-31 19:20:00,Dinner,208.0,2024-03-31,19,6,1,13,3,0.17582417582417584
2024-03-31 19:30:00,Dinner,322.0,2024-03-31,19,6,1,13,3,0.27218934911242604
2024-03-31 19:40:00,Dinner,352.0,2024-03-31,19,6,1,13,3,0.2975486052409129
2024-03-31 19:50:00,Dinner,539.0,2024-03-31,19,6,1,13,3,0.4556213017751479
2024-03-31 20:00:00,Dinner,607.0,2024-03-31,20,6,1,13,3,0.5131022823330516
2024-03-31 20:10:00,Dinner,653.0,2024-03-31,20,6,1,13,3,0.5519864750633982
2024-03-31 20:20:00,Dinner,535.0,2024-03-31,20,6,1,13,3,0.452240067624683
2024-03-31 20:30:00,Dinner,281.0,2024-03-31,20,6,1,13,3,0.2375316990701606
2024-03-31 20:40:00,Dinner,414.5,2024-03-31,20,6,1,13,3,0.3503803888419273
2024-03-31 20:50:00,Dinner,134.0,2024-03-31,20,6,1,13,3,0.1132713440405748
