timestamp,meal_type,number_of_students
2024-03-01 07:00:00,Breakfast,44.0
2024-03-01 07:10:00,Breakfast,120.0
2024-03-01 07:20:00,Breakfast,
2024-03-01 07:30:00,Breakfast,212.0
2024-03-01 07:40:00,Breakfast,314.0
2024-03-01 07:50:00,Breakfast,314.0
2024-03-01 08:00:00,Breakfast,353.0
2024-03-01 08:10:00,Breakfast,307.0
2024-03-01 08:20:00,Breakfast,371.0
2024-03-01 08:30:00,Breakfast,239.0
2024-03-01 08:40:00,Breakfast,136.0
2024-03-01 08:50:00,Breakfast,110.0
2024-03-01 12:00:00,Lunch,121.0
2024-03-01 12:10:00,Lunch,265.0
2024-03-01 12:20:00,Lunch,378.0
2024-03-01 12:30:00,Lunch,421.0
2024-03-01 12:40:00,Lunch,664.0
2024-03-01 12:50:00,Lunch,697.0
2024-03-01 13:00:00,Lunch,978.0
2024-03-01 13:10:00,Lunch,995.0
2024-03-01 13:20:00,Lunch,546.0
2024-03-01 13:30:00,Lunch,535.0
2024-03-01 13:40:00,Lunch,439.0
2024-03-01 13:50:00,Lunch,164.0
2024-03-01 16:00:00,Snacks,196.0
2024-03-01 16:10:00,Snacks,280.0
2024-03-01 16:20:00,Snacks,389.0
2024-03-01 16:30:00,Snacks,381.0
2024-03-01 16:40:00,Snacks,372.0
2024-03-01 16:50:00,Snacks,308.0
2024-03-01 19:00:00,Dinner,106.0
2024-03-01 19:10:00,Dinner,272.0
2024-03-01 19:20:00,Dinner,310.0
2024-03-01 19:30:00,Dinner,286.0
2024-03-01 19:40:00,Dinner,487.0
2024-03-01 19:50:00,Dinner,789.0
2024-03-01 20:00:00,Dinner,806.0
2024-03-01 20:10:00,Dinner,736.0
2024-03-01 20:20:00,Dinner,696.0
2024-03-01 20:30:00,Dinner,614.0
2024-03-01 20:40:00,Dinner,375.0
2024-03-01 20:50:00,Dinner,235.0
2024-03-02 07:00:00,Breakfast,24.0
2024-03-02 07:10:00,Breakfast,57.0
2024-03-02 07:20:00,Breakfast,121.0
2024-03-02 07:30:00,Breakfast,160.0
2024-03-02 07:40:00,Breakfast,225.0
2024-03-02 07:50:00,Breakfast,271.0
2024-03-02 08:00:00,Breakfast,267.0
2024-03-02 08:10:00,Breakfast,312.0
2024-03-02 08:20:00,Breakfast,188.0
2024-03-02 08:30:00,Breakfast,134.0
2024-03-02 08:40:00,Breakfast,69.0
2024-03-02 08:50:00,Breakfast,75.0
2024-03-02 12:00:00,Lunch,69.0
2024-03-02 12:10:00,Lunch,179.0
2024-03-02 12:20:00,Lunch,250.0
2024-03-02 12:30:00,Lunch,335.0
2024-03-02 12:40:00,Lunch,389.0
2024-03-02 12:50:00,Lunch,627.0
2024-03-02 13:00:00,Lunch,580.0
2024-03-02 13:10:00,Lunch,576.0
2024-03-02 13:20:00,Lunch,513.0
2024-03-02 13:30:00,Lunch,370.0
2024-03-02 13:40:00,Lunch,205.0
2024-03-02 13:50:00,Lunch,159.0
2024-03-02 16:00:00,Snacks,159.0
2024-03-02 16:10:00,Snacks,193.0
2024-03-02 16:20:00,Snacks,238.0
2024-03-02 16:30:00,Snacks,255.0
2024-03-02 16:40:00,Snacks,200.0
2024-03-02 16:50:00,Snacks,168.0
2024-03-02 19:00:00,Dinner,110.0
2024-03-02 19:10:00,Dinner,171.0
2024-03-02 19:20:00,Dinner,225.0
2024-03-02 19:30:00,Dinner,372.0
2024-03-02 19:40:00,Dinner,375.0
2024-03-02 19:50:00,Dinner,472.0
2024-03-02 20:00:00,Dinner,442.0
2024-03-02 20:10:00,Dinner,546.0
2024-03-02 20:20:00,Dinner,463.0
2024-03-02 20:30:00,Dinner,395.0
2024-03-02 20:40:00,Dinner,218.0
2024-03-02 20:50:00,Dinner,165.0
2024-03-03 07:00:00,Breakfast,41.0
2024-03-03 07:10:00,Breakfast,101.0
2024-03-03 07:20:00,Breakfast,141.0
2024-03-03 07:30:00,Breakfast,200.0
2024-03-03 07:40:00,Breakfast,238.0
2024-03-03 07:50:00,Breakfast,208.0
2024-03-03 08:00:00,Breakfast,272.0
2024-03-03 08:10:00,Breakfast,340.0
2024-03-03 08:20:00,Breakfast,226.0
2024-03-03 08:30:00,Breakfast,134.0
2024-03-03 08:40:00,Breakfast,113.0
2024-03-03 08:50:00,Breakfast,50.0
2024-03-03 12:00:00,Lunch,64.0
2024-03-03 12:10:00,Lunch,156.0
2024-03-03 12:20:00,Lunch,270.0
2024-03-03 12:30:00,Lunch,308.0
2024-03-03 12:40:00,Lunch,426.0
2024-03-03 12:50:00,Lunch,427.0
2024-03-03 13:00:00,Lunch,573.0
2024-03-03 13:10:00,Lunch,382.0
2024-03-03 13:20:00,Lunch,445.0
2024-03-03 13:30:00,Lunch,359.0
2024-03-03 13:40:00,Lunch,168.0
2024-03-03 13:50:00,Lunch,118.0
2024-03-03 16:00:00,Snacks,136.0
2024-03-03 16:10:00,Snacks,175.0
2024-03-03 16:20:00,Snacks,209.0
2024-03-03 16:30:00,Snacks,
2024-03-03 16:40:00,Snacks,152.0
2024-03-03 16:50:00,Snacks,205.0
2024-03-03 19:00:00,Dinner,69.0
2024-03-03 19:10:00,Dinner,122.0
2024-03-03 19:20:00,Dinner,154.0
2024-03-03 19:30:00,Dinner,320.0
2024-03-03 19:40:00,Dinner,478.0
2024-03-03 19:50:00,Dinner,534.0
2024-03-03 20:00:00,Dinner,567.0
2024-03-03 20:10:00,Dinner,494.0
2024-03-03 20:20:00,Dinner,438.0
2024-03-03 20:30:00,Dinner,273.0
2024-03-03 20:40:00,Dinner,226.0
2024-03-03 20:50:00,Dinner,125.0
2024-03-04 07:00:00,Breakfast,39.0
2024-03-04 07:10:00,Breakfast,114.0
2024-03-04 07:20:00,Breakfast,117.0
2024-03-04 07:30:00,Breakfast,264.0
2024-03-04 07:40:00,Breakfast,351.0
2024-03-04 07:50:00,Breakfast,345.0
2024-03-04 08:00:00,Breakfast,466.0
2024-03-04 08:10:00,Breakfast,344.0
2024-03-04 08:20:00,Breakfast,287.0
2024-03-04 08:30:00,Breakfast,192.0
2024-03-04 08:40:00,Breakfast,164.0
2024-03-04 08:50:00,Breakfast,80.0
2024-03-04 12:00:00,Lunch,103.0
2024-03-04 12:10:00,Lunch,
2024-03-04 12:20:00,Lunch,368.0
2024-03-04 12:30:00,Lunch,654.0
2024-03-04 12:40:00,Lunch,825.0
2024-03-04 12:50:00,Lunch,924.0
2024-03-04 13:00:00,Lunch,
2024-03-04 13:10:00,Lunch,797.0
2024-03-04 13:20:00,Lunch,717.0
2024-03-04 13:30:00,Lunch,497.0
2024-03-04 13:40:00,Lunch,327.0
2024-03-04 13:50:00,Lunch,221.0
2024-03-04 16:00:00,Snacks,179.0
2024-03-04 16:10:00,Snacks,241.0
2024-03-04 16:20:00,Snacks,383.0
2024-03-04 16:30:00,Snacks,270.0
2024-03-04 16:40:00,Snacks,274.0
2024-03-04 16:50:00,Snacks,340.0
2024-03-04 19:00:00,Dinner,106.0
2024-03-04 19:10:00,Dinner,262.0
2024-03-04 19:20:00,Dinner,282.0
2024-03-04 19:30:00,Dinner,521.0
2024-03-04 19:40:00,Dinner,763.0
2024-03-04 19:50:00,Dinner,690.0
2024-03-04 20:00:00,Dinner,1071.0
2024-03-04 20:10:00,Dinner,755.0
2024-03-04 20:20:00,Dinner,735.0
2024-03-04 20:30:00,Dinner,459.0
2024-03-04 20:40:00,Dinner,435.0
2024-03-04 20:50:00,Dinner,223.0
2024-03-05 07:00:00,Breakfast,81.0
2024-03-05 07:10:00,Breakfast,123.0
2024-03-05 07:20:00,Breakfast,189.0
2024-03-05 07:30:00,Breakfast,203.0
2024-03-05 07:40:00,Breakfast,324.0
2024-03-05 07:50:00,Breakfast,358.0
2024-03-05 08:00:00,Breakfast,401.0
2024-03-05 08:10:00,Breakfast,
2024-03-05 08:20:00,Breakfast,272.0
2024-03-05 08:30:00,Breakfast,236.0
2024-03-05 08:40:00,Breakfast,161.0
2024-03-05 08:50:00,Breakfast,79.0
2024-03-05 12:00:00,Lunch,140.0
2024-03-05 12:10:00,Lunch,233.0
2024-03-05 12:20:00,Lunch,419.0
2024-03-05 12:30:00,Lunch,588.0
2024-03-05 12:40:00,Lunch,526.0
2024-03-05 12:50:00,Lunch,740.0
2024-03-05 13:00:00,Lunch,1131.0
2024-03-05 13:10:00,Lunch,955.0
2024-03-05 13:20:00,Lunch,
2024-03-05 13:30:00,Lunch,586.0
2024-03-05 13:40:00,Lunch,
2024-03-05 13:50:00,Lunch,143.0
2024-03-05 16:00:00,Snacks,
2024-03-05 16:10:00,Snacks,283.0
2024-03-05 16:20:00,Snacks,342.0
2024-03-05 16:30:00,Snacks,277.0
2024-03-05 16:40:00,Snacks,268.0
2024-03-05 16:50:00,Snacks,205.0
2024-03-05 19:00:00,Dinner,146.0
2024-03-05 19:10:00,Dinner,151.0
2024-03-05 19:20:00,Dinner,442.0
2024-03-05 19:30:00,Dinner,434.0
2024-03-05 19:40:00,Dinner,549.0
2024-03-05 19:50:00,Dinner,797.0
2024-03-05 20:00:00,Dinner,759.0
2024-03-05 20:10:00,Dinner,816.0
2024-03-05 20:20:00,Dinner,586.0
2024-03-05 20:30:00,Dinner,489.0
2024-03-05 20:40:00,Dinner,305.0
2024-03-05 20:50:00,Dinner,243.0
2024-03-06 07:00:00,Breakfast,60.0
2024-03-06 07:10:00,Breakfast,104.0
2024-03-06 07:20:00,Breakfast,195.0
2024-03-06 07:30:00,Breakfast,253.0
2024-03-06 07:40:00,Breakfast,329.0
2024-03-06 07:50:00,Breakfast,370.0
2024-03-06 08:00:00,Breakfast,353.0
2024-03-06 08:10:00,Breakfast,334.0
2024-03-06 08:20:00,Breakfast,328.0
2024-03-06 08:30:00,Breakfast,284.0
2024-03-06 08:40:00,Breakfast,181.0
2024-03-06 08:50:00,Breakfast,111.0
2024-03-06 12:00:00,Lunch,96.0
2024-03-06 12:10:00,Lunch,244.0
2024-03-06 12:20:00,Lunch,345.0
2024-03-06 12:30:00,Lunch,561.0
2024-03-06 12:40:00,Lunch,783.0
2024-03-06 12:50:00,Lunch,697.0
2024-03-06 13:00:00,Lunch,922.0
2024-03-06 13:10:00,Lunch,882.0
2024-03-06 13:20:00,Lunch,833.0
2024-03-06 13:30:00,Lunch,500.0
2024-03-06 13:40:00,Lunch,366.0
2024-03-06 13:50:00,Lunch,230.0
2024-03-06 16:00:00,Snacks,193.0
2024-03-06 16:10:00,Snacks,255.0
2024-03-06 16:20:00,Snacks,299.0
2024-03-06 16:30:00,Snacks,342.0
2024-03-06 16:40:00,Snacks,426.0
2024-03-06 16:50:00,Snacks,275.0
2024-03-06 19:00:00,Dinner,125.0
2024-03-06 19:10:00,Dinner,213.0
2024-03-06 19:20:00,Dinner,331.0
2024-03-06 19:30:00,Dinner,513.0
2024-03-06 19:40:00,Dinner,763.0
2024-03-06 19:50:00,Dinner,797.0
2024-03-06 20:00:00,Dinner,828.0
2024-03-06 20:10:00,Dinner,774.0
2024-03-06 20:20:00,Dinner,574.0
2024-03-06 20:30:00,Dinner,601.0
2024-03-06 20:40:00,Dinner,323.0
2024-03-06 20:50:00,Dinner,
2024-03-07 07:00:00,Breakfast,57.0
2024-03-07 07:10:00,Breakfast,127.0
2024-03-07 07:20:00,Breakfast,158.0
2024-03-07 07:30:00,Breakfast,212.0
2024-03-07 07:40:00,Breakfast,375.0
2024-03-07 07:50:00,Breakfast,343.0
2024-03-07 08:00:00,Breakfast,483.0
2024-03-07 08:10:00,Breakfast,414.0
2024-03-07 08:20:00,Breakfast,397.0
2024-03-07 08:30:00,Breakfast,202.0
2024-03-07 08:40:00,Breakfast,
2024-03-07 08:50:00,Breakfast,84.0
2024-03-07 12:00:00,Lunch,66.0
2024-03-07 12:10:00,Lunch,259.0
2024-03-07 12:20:00,Lunch,369.0
2024-03-07 12:30:00,Lunch,629.0
2024-03-07 12:40:00,Lunch,731.0
2024-03-07 12:50:00,Lunch,854.0
2024-03-07 13:00:00,Lunch,1109.0
2024-03-07 13:10:00,Lunch,867.0
2024-03-07 13:20:00,Lunch,666.0
2024-03-07 13:30:00,Lunch,538.0
2024-03-07 13:40:00,Lunch,379.0
2024-03-07 13:50:00,Lunch,114.0
2024-03-07 16:00:00,Snacks,230.0
2024-03-07 16:10:00,Snacks,344.0
2024-03-07 16:20:00,Snacks,328.0
2024-03-07 16:30:00,Snacks,325.0
2024-03-07 16:40:00,Snacks,352.0
2024-03-07 16:50:00,Snacks,362.0
2024-03-07 19:00:00,Dinner,125.0
2024-03-07 19:10:00,Dinner,219.0
2024-03-07 19:20:00,Dinner,327.0
2024-03-07 19:30:00,Dinner,427.0
2024-03-07 19:40:00,Dinner,683.0
2024-03-07 19:50:00,Dinner,809.0
2024-03-07 20:00:00,Dinner,593.0
2024-03-07 20:10:00,Dinner,712.0
2024-03-07 20:20:00,Dinner,804.0
2024-03-07 20:30:00,Dinner,494.0
2024-03-07 20:40:00,Dinner,208.0
2024-03-07 20:50:00,Dinner,270.0
2024-03-08 07:00:00,Breakfast,42.0
2024-03-08 07:10:00,Breakfast,90.0
2024-03-08 07:20:00,Breakfast,195.0
2024-03-08 07:30:00,Breakfast,211.0
2024-03-08 07:40:00,Breakfast,215.0
2024-03-08 07:50:00,Breakfast,391.0
2024-03-08 08:00:00,Breakfast,451.0
2024-03-08 08:10:00,Breakfast,349.0
2024-03-08 08:20:00,Breakfast,313.0
2024-03-08 08:30:00,Breakfast,193.0
2024-03-08 08:40:00,Breakfast,134.0
2024-03-08 08:50:00,Breakfast,93.0
2024-03-08 12:00:00,Lunch,136.0
2024-03-08 12:10:00,Lunch,228.0
2024-03-08 12:20:00,Lunch,431.0
2024-03-08 12:30:00,Lunch,689.0
2024-03-08 12:40:00,Lunch,820.0
2024-03-08 12:50:00,Lunch,640.0
2024-03-08 13:00:00,Lunch,860.0
2024-03-08 13:10:00,Lunch,967.0
2024-03-08 13:20:00,Lunch,707.0
2024-03-08 13:30:00,Lunch,405.0
2024-03-08 13:40:00,Lunch,336.0
2024-03-08 13:50:00,Lunch,136.0
2024-03-08 16:00:00,Snacks,202.0
2024-03-08 16:10:00,Snacks,248.0
2024-03-08 16:20:00,Snacks,311.0
2024-03-08 16:30:00,Snacks,417.0
2024-03-08 16:40:00,Snacks,258.0
2024-03-08 16:50:00,Snacks,246.0
2024-03-08 19:00:00,Dinner,89.0
2024-03-08 19:10:00,Dinner,251.0
2024-03-08 19:20:00,Dinner,414.0
2024-03-08 19:30:00,Dinner,545.0
2024-03-08 19:40:00,Dinner,713.0
2024-03-08 19:50:00,Dinner,653.0
2024-03-08 20:00:00,Dinner,876.0
2024-03-08 20:10:00,Dinner,663.0
2024-03-08 20:20:00,Dinner,685.0
2024-03-08 20:30:00,Dinner,487.0
2024-03-08 20:40:00,Dinner,315.0
2024-03-08 20:50:00,Dinner,212.0
2024-03-09 07:00:00,Breakfast,42.0
2024-03-09 07:10:00,Breakfast,90.0
2024-03-09 07:20:00,Breakfast,118.0
2024-03-09 07:30:00,Breakfast,222.0
2024-03-09 07:40:00,Breakfast,215.0
2024-03-09 07:50:00,Breakfast,320.0
2024-03-09 08:00:00,Breakfast,279.0
2024-03-09 08:10:00,Breakfast,
2024-03-09 08:20:00,Breakfast,202.0
2024-03-09 08:30:00,Breakfast,166.0
2024-03-09 08:40:00,Breakfast,115.0
2024-03-09 08:50:00,Breakfast,43.0
2024-03-09 12:00:00,Lunch,90.0
2024-03-09 12:10:00,Lunch,105.0
2024-03-09 12:20:00,Lunch,269.0
2024-03-09 12:30:00,Lunch,389.0
2024-03-09 12:40:00,Lunch,575.0
2024-03-09 12:50:00,Lunch,477.0
2024-03-09 13:00:00,Lunch,493.0
2024-03-09 13:10:00,Lunch,650.0
2024-03-09 13:20:00,Lunch,387.0
2024-03-09 13:30:00,Lunch,286.0
2024-03-09 13:40:00,Lunch,249.0
2024-03-09 13:50:00,Lunch,144.0
2024-03-09 16:00:00,Snacks,141.0
2024-03-09 16:10:00,Snacks,199.0
2024-03-09 16:20:00,Snacks,235.0
2024-03-09 16:30:00,Snacks,224.0
2024-03-09 16:40:00,Snacks,217.0
2024-03-09 16:50:00,Snacks,180.0
2024-03-09 19:00:00,Dinner,75.0
2024-03-09 19:10:00,Dinner,102.0
2024-03-09 19:20:00,Dinner,256.0
2024-03-09 19:30:00,Dinner,393.0
2024-03-09 19:40:00,Dinner,487.0
2024-03-09 19:50:00,Dinner,569.0
2024-03-09 20:00:00,Dinner,465.0
2024-03-09 20:10:00,Dinner,404.0
2024-03-09 20:20:00,Dinner,501.0
2024-03-09 20:30:00,Dinner,336.0
2024-03-09 20:40:00,Dinner,233.0
2024-03-09 20:50:00,Dinner,143.0
2024-03-10 07:00:00,Breakfast,37.0
2024-03-10 07:10:00,Breakfast,74.0
2024-03-10 07:20:00,Breakfast,104.0
2024-03-10 07:30:00,Breakfast,103.0
2024-03-10 07:40:00,Breakfast,233.0
2024-03-10 07:50:00,Breakfast,270.0
2024-03-10 08:00:00,Breakfast,203.0
2024-03-10 08:10:00,Breakfast,197.0
2024-03-10 08:20:00,Breakfast,240.0
2024-03-10 08:30:00,Breakfast,189.0
2024-03-10 08:40:00,Breakfast,50.0
2024-03-10 08:50:00,Breakfast,71.0
2024-03-10 12:00:00,Lunch,75.0
2024-03-10 12:10:00,Lunch,147.0
2024-03-10 12:20:00,Lunch,245.0
2024-03-10 12:30:00,Lunch,310.0
2024-03-10 12:40:00,Lunch,517.0
2024-03-10 12:50:00,Lunch,492.0
2024-03-10 13:00:00,Lunch,654.0
2024-03-10 13:10:00,Lunch,638.0
2024-03-10 13:20:00,Lunch,
2024-03-10 13:30:00,Lunch,305.0
2024-03-10 13:40:00,Lunch,245.0
2024-03-10 13:50:00,Lunch,186.0
2024-03-10 16:00:00,Snacks,122.0
2024-03-10 16:10:00,Snacks,169.0
2024-03-10 16:20:00,Snacks,227.0
2024-03-10 16:30:00,Snacks,253.0
2024-03-10 16:40:00,Snacks,234.0
2024-03-10 16:50:00,Snacks,183.0
2024-03-10 19:00:00,Dinner,69.0
2024-03-10 19:10:00,Dinner,146.0
2024-03-10 19:20:00,Dinner,102.0
2024-03-10 19:30:00,Dinner,438.0
2024-03-10 19:40:00,Dinner,429.0
2024-03-10 19:50:00,Dinner,537.0
2024-03-10 20:00:00,Dinner,736.0
2024-03-10 20:10:00,Dinner,460.0
2024-03-10 20:20:00,Dinner,608.0
2024-03-10 20:30:00,Dinner,375.0
2024-03-10 20:40:00,Dinner,244.0
2024-03-10 20:50:00,Dinner,154.0
2024-03-11 07:00:00,Breakfast,43.0
2024-03-11 07:10:00,Breakfast,66.0
2024-03-11 07:20:00,Breakfast,129.0
2024-03-11 07:30:00,Breakfast,287.0
2024-03-11 07:40:00,Breakfast,270.0
2024-03-11 07:50:00,Breakfast,276.0
2024-03-11 08:00:00,Breakfast,394.0
2024-03-11 08:10:00,Breakfast,413.0
2024-03-11 08:20:00,Breakfast,322.0
2024-03-11 08:30:00,Breakfast,267.0
2024-03-11 08:40:00,Breakfast,198.0
2024-03-11 08:50:00,Breakfast,111.0
2024-03-11 12:00:00,Lunch,118.0
2024-03-11 12:10:00,Lunch,203.0
2024-03-11 12:20:00,Lunch,416.0
2024-03-11 12:30:00,Lunch,569.0
2024-03-11 12:40:00,Lunch,623.0
2024-03-11 12:50:00,Lunch,1024.0
2024-03-11 13:00:00,Lunch,936.0
2024-03-11 13:10:00,Lunch,938.0
2024-03-11 13:20:00,Lunch,676.0
2024-03-11 13:30:00,Lunch,644.0
2024-03-11 13:40:00,Lunch,274.0
2024-03-11 13:50:00,Lunch,289.0
2024-03-11 16:00:00,Snacks,140.0
2024-03-11 16:10:00,Snacks,215.0
2024-03-11 16:20:00,Snacks,344.0
2024-03-11 16:30:00,Snacks,319.0
2024-03-11 16:40:00,Snacks,313.0
2024-03-11 16:50:00,Snacks,255.0
2024-03-11 19:00:00,Dinner,97.0
2024-03-11 19:10:00,Dinner,223.0
2024-03-11 19:20:00,Dinner,346.0
2024-03-11 19:30:00,Dinner,588.0
2024-03-11 19:40:00,Dinner,
2024-03-11 19:50:00,Dinner,751.0
2024-03-11 20:00:00,Dinner,952.0
2024-03-11 20:10:00,Dinner,573.0
2024-03-11 20:20:00,Dinner,404.0
2024-03-11 20:30:00,Dinner,384.0
2024-03-11 20:40:00,Dinner,329.0
2024-03-11 20:50:00,Dinner,226.0
2024-03-12 07:00:00,Breakfast,19.0
2024-03-12 07:10:00,Breakfast,99.0
2024-03-12 07:20:00,Breakfast,153.0
2024-03-12 07:30:00,Breakfast,248.0
2024-03-12 07:40:00,Breakfast,219.0
2024-03-12 07:50:00,Breakfast,539.0
2024-03-12 08:00:00,Breakfast,402.0
2024-03-12 08:10:00,Breakfast,303.0
2024-03-12 08:20:00,Breakfast,327.0
2024-03-12 08:30:00,Breakfast,304.0
2024-03-12 08:40:00,Breakfast,126.0
2024-03-12 08:50:00,Breakfast,69.0
2024-03-12 12:00:00,Lunch,119.0
2024-03-12 12:10:00,Lunch,223.0
2024-03-12 12:20:00,Lunch,412.0
2024-03-12 12:30:00,Lunch,674.0
2024-03-12 12:40:00,Lunch,808.0
2024-03-12 12:50:00,Lunch,667.0
2024-03-12 13:00:00,Lunch,750.0
2024-03-12 13:10:00,Lunch,745.0
2024-03-12 13:20:00,Lunch,808.0
2024-03-12 13:30:00,Lunch,598.0
2024-03-12 13:40:00,Lunch,446.0
2024-03-12 13:50:00,Lunch,245.0
2024-03-12 16:00:00,Snacks,189.0
2024-03-12 16:10:00,Snacks,271.0
2024-03-12 16:20:00,Snacks,251.0
2024-03-12 16:30:00,Snacks,386.0
2024-03-12 16:40:00,Snacks,296.0
2024-03-12 16:50:00,Snacks,337.0
2024-03-12 19:00:00,Dinner,128.0
2024-03-12 19:10:00,Dinner,283.0
2024-03-12 19:20:00,Dinner,373.0
2024-03-12 19:30:00,Dinner,548.0
2024-03-12 19:40:00,Dinner,661.0
2024-03-12 19:50:00,Dinner,755.0
2024-03-12 20:00:00,Dinner,815.0
2024-03-12 20:10:00,Dinner,929.0
2024-03-12 20:20:00,Dinner,536.0
2024-03-12 20:30:00,Dinner,520.0
2024-03-12 20:40:00,Dinner,253.0
2024-03-12 20:50:00,Dinner,225.0
2024-03-13 07:00:00,Breakfast,48.0
2024-03-13 07:10:00,Breakfast,109.0
2024-03-13 07:20:00,Breakfast,142.0
2024-03-13 07:30:00,Breakfast,231.0
2024-03-13 07:40:00,Breakfast,353.0
2024-03-13 07:50:00,Breakfast,386.0
2024-03-13 08:00:00,Breakfast,500.0
2024-03-13 08:10:00,Breakfast,348.0
2024-03-13 08:20:00,Breakfast,290.0
2024-03-13 08:30:00,Breakfast,293.0
2024-03-13 08:40:00,Breakfast,153.0
2024-03-13 08:50:00,Breakfast,91.0
2024-03-13 12:00:00,Lunch,130.0
2024-03-13 12:10:00,Lunch,218.0
2024-03-13 12:20:00,Lunch,351.0
2024-03-13 12:30:00,Lunch,485.0
2024-03-13 12:40:00,Lunch,
2024-03-13 12:50:00,Lunch,831.0
2024-03-13 13:00:00,Lunch,821.0
2024-03-13 13:10:00,Lunch,811.0
2024-03-13 13:20:00,Lunch,760.0
2024-03-13 13:30:00,Lunch,672.0
2024-03-13 13:40:00,Lunch,359.0
2024-03-13 13:50:00,Lunch,191.0
2024-03-13 16:00:00,Snacks,282.0
2024-03-13 16:10:00,Snacks,286.0
2024-03-13 16:20:00,Snacks,325.0
2024-03-13 16:30:00,Snacks,354.0
2024-03-13 16:40:00,Snacks,263.0
2024-03-13 16:50:00,Snacks,278.0
2024-03-13 19:00:00,Dinner,131.0
2024-03-13 19:10:00,Dinner,256.0
2024-03-13 19:20:00,Dinner,328.0
2024-03-13 19:30:00,Dinner,531.0
2024-03-13 19:40:00,Dinner,813.0
2024-03-13 19:50:00,Dinner,808.0
2024-03-13 20:00:00,Dinner,945.0
2024-03-13 20:10:00,Dinner,857.0
2024-03-13 20:20:00,Dinner,609.0
2024-03-13 20:30:00,Dinner,440.0
2024-03-13 20:40:00,Dinner,410.0
2024-03-13 20:50:00,Dinner,113.0
2024-03-14 07:00:00,Breakfast,45.0
2024-03-14 07:10:00,Breakfast,71.0
2024-03-14 07:20:00,Breakfast,195.0
2024-03-14 07:30:00,Breakfast,299.0
2024-03-14 07:40:00,Breakfast,281.0
2024-03-14 07:50:00,Breakfast,549.0
2024-03-14 08:00:00,Breakfast,489.0
2024-03-14 08:10:00,Breakfast,390.0
2024-03-14 08:20:00,Breakfast,399.0
2024-03-14 08:30:00,Breakfast,216.0
2024-03-14 08:40:00,Breakfast,156.0
2024-03-14 08:50:00,Breakfast,108.0
2024-03-14 12:00:00,Lunch,105.0
2024-03-14 12:10:00,Lunch,174.0
2024-03-14 12:20:00,Lunch,313.0
2024-03-14 12:30:00,Lunch,528.0
2024-03-14 12:40:00,Lunch,773.0
2024-03-14 12:50:00,Lunch,806.0
2024-03-14 13:00:00,Lunch,670.0
2024-03-14 13:10:00,Lunch,913.0
2024-03-14 13:20:00,Lunch,864.0
2024-03-14 13:30:00,Lunch,488.0
2024-03-14 13:40:00,Lunch,470.0
2024-03-14 13:50:00,Lunch,258.0
2024-03-14 16:00:00,Snacks,173.0
2024-03-14 16:10:00,Snacks,249.0
2024-03-14 16:20:00,Snacks,313.0
2024-03-14 16:30:00,Snacks,339.0
2024-03-14 16:40:00,Snacks,197.0
2024-03-14 16:50:00,Snacks,244.0
2024-03-14 19:00:00,Dinner,102.0
2024-03-14 19:10:00,Dinner,281.0
2024-03-14 19:20:00,Dinner,362.0
2024-03-14 19:30:00,Dinner,449.0
2024-03-14 19:40:00,Dinner,633.0
2024-03-14 19:50:00,Dinner,857.0
2024-03-14 20:00:00,Dinner,799.0
2024-03-14 20:10:00,Dinner,730.0
2024-03-14 20:20:00,Dinner,621.0
2024-03-14 20:30:00,Dinner,555.0
2024-03-14 20:40:00,Dinner,270.0
2024-03-14 20:50:00,Dinner,171.0
2024-03-15 07:00:00,Breakfast,41.0
2024-03-15 07:10:00,Breakfast,77.0
2024-03-15 07:20:00,Breakfast,140.0
2024-03-15 07:30:00,Breakfast,279.0
2024-03-15 07:40:00,Breakfast,375.0
2024-03-15 07:50:00,Breakfast,395.0
2024-03-15 08:00:00,Breakfast,413.0
2024-03-15 08:10:00,Breakfast,337.0
2024-03-15 08:20:00,Breakfast,209.0
2024-03-15 08:30:00,Breakfast,248.0
2024-03-15 08:40:00,Breakfast,173.0
2024-03-15 08:50:00,Breakfast,86.0
2024-03-15 12:00:00,Lunch,96.0
2024-03-15 12:10:00,Lunch,175.0
2024-03-15 12:20:00,Lunch,
2024-03-15 12:30:00,Lunch,552.0
2024-03-15 12:40:00,Lunch,855.0
2024-03-15 12:50:00,Lunch,744.0
2024-03-15 13:00:00,Lunch,859.0
2024-03-15 13:10:00,Lunch,853.0
2024-03-15 13:20:00,Lunch,658.0
2024-03-15 13:30:00,Lunch,618.0
2024-03-15 13:40:00,Lunch,444.0
2024-03-15 13:50:00,Lunch,181.0
2024-03-15 16:00:00,Snacks,195.0
2024-03-15 16:10:00,Snacks,342.0
2024-03-15 16:20:00,Snacks,348.0
2024-03-15 16:30:00,Snacks,356.0
2024-03-15 16:40:00,Snacks,349.0
2024-03-15 16:50:00,Snacks,311.0
2024-03-15 19:00:00,Dinner,123.0
2024-03-15 19:10:00,Dinner,219.0
2024-03-15 19:20:00,Dinner,349.0
2024-03-15 19:30:00,Dinner,626.0
2024-03-15 19:40:00,Dinner,652.0
2024-03-15 19:50:00,Dinner,804.0
2024-03-15 20:00:00,Dinner,1055.0
2024-03-15 20:10:00,Dinner,844.0
2024-03-15 20:20:00,Dinner,673.0
2024-03-15 20:30:00,Dinner,567.0
2024-03-15 20:40:00,Dinner,362.0
2024-03-15 20:50:00,Dinner,184.0
2024-03-16 07:00:00,Breakfast,37.0
2024-03-16 07:10:00,Breakfast,52.0
2024-03-16 07:20:00,Breakfast,145.0
2024-03-16 07:30:00,Breakfast,164.0
2024-03-16 07:40:00,Breakfast,174.0
2024-03-16 07:50:00,Breakfast,229.0
2024-03-16 08:00:00,Breakfast,293.0
2024-03-16 08:10:00,Breakfast,200.0
2024-03-16 08:20:00,Breakfast,306.0
2024-03-16 08:30:00,Breakfast,115.0
2024-03-16 08:40:00,Breakfast,126.0
2024-03-16 08:50:00,Breakfast,57.0
2024-03-16 12:00:00,Lunch,65.0
2024-03-16 12:10:00,Lunch,160.0
2024-03-16 12:20:00,Lunch,221.0
2024-03-16 12:30:00,Lunch,447.0
2024-03-16 12:40:00,Lunch,362.0
2024-03-16 12:50:00,Lunch,602.0
2024-03-16 13:00:00,Lunch,559.0
2024-03-16 13:10:00,Lunch,579.0
2024-03-16 13:20:00,Lunch,507.0
2024-03-16 13:30:00,Lunch,254.0
2024-03-16 13:40:00,Lunch,250.0
2024-03-16 13:50:00,Lunch,175.0
2024-03-16 16:00:00,Snacks,149.0
2024-03-16 16:10:00,Snacks,170.0
2024-03-16 16:20:00,Snacks,162.0
2024-03-16 16:30:00,Snacks,247.0
2024-03-16 16:40:00,Snacks,285.0
2024-03-16 16:50:00,Snacks,203.0
2024-03-16 19:00:00,Dinner,93.0
2024-03-16 19:10:00,Dinner,161.0
2024-03-16 19:20:00,Dinner,211.0
2024-03-16 19:30:00,Dinner,340.0
2024-03-16 19:40:00,Dinner,504.0
2024-03-16 19:50:00,Dinner,390.0
2024-03-16 20:00:00,Dinner,609.0
2024-03-16 20:10:00,Dinner,627.0
2024-03-16 20:20:00,Dinner,438.0
2024-03-16 20:30:00,Dinner,
2024-03-16 20:40:00,Dinner,205.0
2024-03-16 20:50:00,Dinner,138.0
2024-03-17 07:00:00,Breakfast,32.0
2024-03-17 07:10:00,Breakfast,71.0
2024-03-17 07:20:00,Breakfast,104.0
2024-03-17 07:30:00,Breakfast,109.0
2024-03-17 07:40:00,Breakfast,182.0
2024-03-17 07:50:00,Breakfast,327.0
2024-03-17 08:00:00,Breakfast,284.0
2024-03-17 08:10:00,Breakfast,158.0
2024-03-17 08:20:00,Breakfast,251.0
2024-03-17 08:30:00,Breakfast,124.0
2024-03-17 08:40:00,Breakfast,125.0
2024-03-17 08:50:00,Breakfast,83.0
2024-03-17 12:00:00,Lunch,80.0
2024-03-17 12:10:00,Lunch,119.0
2024-03-17 12:20:00,Lunch,211.0
2024-03-17 12:30:00,Lunch,391.0
2024-03-17 12:40:00,Lunch,382.0
2024-03-17 12:50:00,Lunch,502.0
2024-03-17 13:00:00,Lunch,632.0
2024-03-17 13:10:00,Lunch,496.0
2024-03-17 13:20:00,Lunch,575.0
2024-03-17 13:30:00,Lunch,294.0
2024-03-17 13:40:00,Lunch,105.0
2024-03-17 13:50:00,Lunch,124.0
2024-03-17 16:00:00,Snacks,145.0
2024-03-17 16:10:00,Snacks,210.0
2024-03-17 16:20:00,Snacks,199.0
2024-03-17 16:30:00,Snacks,216.0
2024-03-17 16:40:00,Snacks,214.0
2024-03-17 16:50:00,Snacks,238.0
2024-03-17 19:00:00,Dinner,80.0
2024-03-17 19:10:00,Dinner,125.0
2024-03-17 19:20:00,Dinner,307.0
2024-03-17 19:30:00,Dinner,335.0
2024-03-17 19:40:00,Dinner,294.0
2024-03-17 19:50:00,Dinner,406.0
2024-03-17 20:00:00,Dinner,601.0
2024-03-17 20:10:00,Dinner,374.0
2024-03-17 20:20:00,Dinner,477.0
2024-03-17 20:30:00,Dinner,292.0
2024-03-17 20:40:00,Dinner,273.0
2024-03-17 20:50:00,Dinner,142.0
2024-03-18 07:00:00,Breakfast,32.0
2024-03-18 07:10:00,Breakfast,117.0
2024-03-18 07:20:00,Breakfast,204.0
2024-03-18 07:30:00,Breakfast,189.0
2024-03-18 07:40:00,Breakfast,277.0
2024-03-18 07:50:00,Breakfast,409.0
2024-03-18 08:00:00,Breakfast,444.0
2024-03-18 08:10:00,Breakfast,523.0
2024-03-18 08:20:00,Breakfast,367.0
2024-03-18 08:30:00,Breakfast,341.0
2024-03-18 08:40:00,Breakfast,165.0
2024-03-18 08:50:00,Breakfast,107.0
2024-03-18 12:00:00,Lunch,108.0
2024-03-18 12:10:00,Lunch,204.0
2024-03-18 12:20:00,Lunch,378.0
2024-03-18 12:30:00,Lunch,495.0
2024-03-18 12:40:00,Lunch,430.0
2024-03-18 12:50:00,Lunch,762.0
2024-03-18 13:00:00,Lunch,1050.0
2024-03-18 13:10:00,Lunch,861.0
2024-03-18 13:20:00,Lunch,729.0
2024-03-18 13:30:00,Lunch,479.0
2024-03-18 13:40:00,Lunch,390.0
2024-03-18 13:50:00,Lunch,288.0
2024-03-18 16:00:00,Snacks,263.0
2024-03-18 16:10:00,Snacks,297.0
2024-03-18 16:20:00,Snacks,284.0
2024-03-18 16:30:00,Snacks,451.0
2024-03-18 16:40:00,Snacks,388.0
2024-03-18 16:50:00,Snacks,210.0
2024-03-18 19:00:00,Dinner,75.0
2024-03-18 19:10:00,Dinner,159.0
2024-03-18 19:20:00,Dinner,321.0
2024-03-18 19:30:00,Dinner,589.0
2024-03-18 19:40:00,Dinner,774.0
2024-03-18 19:50:00,Dinner,846.0
2024-03-18 20:00:00,Dinner,831.0
2024-03-18 20:10:00,Dinner,1101.0
2024-03-18 20:20:00,Dinner,684.0
2024-03-18 20:30:00,Dinner,508.0
2024-03-18 20:40:00,Dinner,320.0
2024-03-18 20:50:00,Dinner,293.0
2024-03-19 07:00:00,Breakfast,63.0
2024-03-19 07:10:00,Breakfast,79.0
2024-03-19 07:20:00,Breakfast,130.0
2024-03-19 07:30:00,Breakfast,173.0
2024-03-19 07:40:00,Breakfast,315.0
2024-03-19 07:50:00,Breakfast,285.0
2024-03-19 08:00:00,Breakfast,324.0
2024-03-19 08:10:00,Breakfast,444.0
2024-03-19 08:20:00,Breakfast,367.0
2024-03-19 08:30:00,Breakfast,304.0
2024-03-19 08:40:00,Breakfast,120.0
2024-03-19 08:50:00,Breakfast,79.0
2024-03-19 12:00:00,Lunch,107.0
2024-03-19 12:10:00,Lunch,287.0
2024-03-19 12:20:00,Lunch,373.0
2024-03-19 12:30:00,Lunch,704.0
2024-03-19 12:40:00,Lunch,791.0
2024-03-19 12:50:00,Lunch,836.0
2024-03-19 13:00:00,Lunch,
2024-03-19 13:10:00,Lunch,621.0
2024-03-19 13:20:00,Lunch,488.0
2024-03-19 13:30:00,Lunch,568.0
2024-03-19 13:40:00,Lunch,370.0
2024-03-19 13:50:00,Lunch,299.0
2024-03-19 16:00:00,Snacks,161.0
2024-03-19 16:10:00,Snacks,297.0
2024-03-19 16:20:00,Snacks,369.0
2024-03-19 16:30:00,Snacks,369.0
2024-03-19 16:40:00,Snacks,391.0
2024-03-19 16:50:00,Snacks,250.0
2024-03-19 19:00:00,Dinner,133.0
2024-03-19 19:10:00,Dinner,232.0
2024-03-19 19:20:00,Dinner,416.0
2024-03-19 19:30:00,Dinner,473.0
2024-03-19 19:40:00,Dinner,553.0
2024-03-19 19:50:00,Dinner,725.0
2024-03-19 20:00:00,Dinner,709.0
2024-03-19 20:10:00,Dinner,733.0
2024-03-19 20:20:00,Dinner,644.0
2024-03-19 20:30:00,Dinner,440.0
2024-03-19 20:40:00,Dinner,349.0
2024-03-19 20:50:00,Dinner,168.0
2024-03-20 07:00:00,Breakfast,53.0
2024-03-20 07:10:00,Breakfast,89.0
2024-03-20 07:20:00,Breakfast,160.0
2024-03-20 07:30:00,Breakfast,258.0
2024-03-20 07:40:00,Breakfast,298.0
2024-03-20 07:50:00,Breakfast,330.0
2024-03-20 08:00:00,Breakfast,357.0
2024-03-20 08:10:00,Breakfast,441.0
2024-03-20 08:20:00,Breakfast,387.0
2024-03-20 08:30:00,Breakfast,221.0
2024-03-20 08:40:00,Breakfast,159.0
2024-03-20 08:50:00,Breakfast,65.0
2024-03-20 12:00:00,Lunch,117.0
2024-03-20 12:10:00,Lunch,168.0
2024-03-20 12:20:00,Lunch,340.0
2024-03-20 12:30:00,Lunch,639.0
2024-03-20 12:40:00,Lunch,550.0
2024-03-20 12:50:00,Lunch,731.0
2024-03-20 13:00:00,Lunch,774.0
2024-03-20 13:10:00,Lunch,629.0
2024-03-20 13:20:00,Lunch,
2024-03-20 13:30:00,Lunch,569.0
2024-03-20 13:40:00,Lunch,479.0
2024-03-20 13:50:00,Lunch,185.0
2024-03-20 16:00:00,Snacks,146.0
2024-03-20 16:10:00,Snacks,324.0
2024-03-20 16:20:00,Snacks,311.0
2024-03-20 16:30:00,Snacks,323.0
2024-03-20 16:40:00,Snacks,411.0
2024-03-20 16:50:00,Snacks,288.0
2024-03-20 19:00:00,Dinner,135.0
2024-03-20 19:10:00,Dinner,189.0
2024-03-20 19:20:00,Dinner,
2024-03-20 19:30:00,Dinner,485.0
2024-03-20 19:40:00,Dinner,752.0
2024-03-20 19:50:00,Dinner,810.0
2024-03-20 20:00:00,Dinner,912.0
2024-03-20 20:10:00,Dinner,477.0
2024-03-20 20:20:00,Dinner,479.0
2024-03-20 20:30:00,Dinner,338.0
2024-03-20 20:40:00,Dinner,327.0
2024-03-20 20:50:00,Dinner,160.0
2024-03-21 07:00:00,Breakfast,76.0
2024-03-21 07:10:00,Breakfast,99.0
2024-03-21 07:20:00,Breakfast,170.0
2024-03-21 07:30:00,Breakfast,197.0
2024-03-21 07:40:00,Breakfast,260.0
2024-03-21 07:50:00,Breakfast,474.0
2024-03-21 08:00:00,Breakfast,515.0
2024-03-21 08:10:00,Breakfast,404.0
2024-03-21 08:20:00,Breakfast,212.0
2024-03-21 08:30:00,Breakfast,225.0
2024-03-21 08:40:00,Breakfast,173.0
2024-03-21 08:50:00,Breakfast,95.0
2024-03-21 12:00:00,Lunch,72.0
2024-03-21 12:10:00,Lunch,295.0
2024-03-21 12:20:00,Lunch,319.0
2024-03-21 12:30:00,Lunch,429.0
2024-03-21 12:40:00,Lunch,717.0
2024-03-21 12:50:00,Lunch,1008.0
2024-03-21 13:00:00,Lunch,971.0
2024-03-21 13:10:00,Lunch,676.0
2024-03-21 13:20:00,Lunch,553.0
2024-03-21 13:30:00,Lunch,355.0
2024-03-21 13:40:00,Lunch,352.0
2024-03-21 13:50:00,Lunch,206.0
2024-03-21 16:00:00,Snacks,231.0
2024-03-21 16:10:00,Snacks,248.0
2024-03-21 16:20:00,Snacks,384.0
2024-03-21 16:30:00,Snacks,387.0
2024-03-21 16:40:00,Snacks,291.0
2024-03-21 16:50:00,Snacks,298.0
2024-03-21 19:00:00,Dinner,144.0
2024-03-21 19:10:00,Dinner,176.0
2024-03-21 19:20:00,Dinner,337.0
2024-03-21 19:30:00,Dinner,496.0
2024-03-21 19:40:00,Dinner,642.0
2024-03-21 19:50:00,Dinner,904.0
2024-03-21 20:00:00,Dinner,966.0
2024-03-21 20:10:00,Dinner,855.0
2024-03-21 20:20:00,Dinner,719.0
2024-03-21 20:30:00,Dinner,469.0
2024-03-21 20:40:00,Dinner,368.0
2024-03-21 20:50:00,Dinner,164.0
2024-03-22 07:00:00,Breakfast,86.0
2024-03-22 07:10:00,Breakfast,126.0
2024-03-22 07:20:00,Breakfast,192.0
2024-03-22 07:30:00,Breakfast,259.0
2024-03-22 07:40:00,Breakfast,341.0
2024-03-22 07:50:00,Breakfast,274.0
2024-03-22 08:00:00,Breakfast,318.0
2024-03-22 08:10:00,Breakfast,
2024-03-22 08:20:00,Breakfast,323.0
2024-03-22 08:30:00,Breakfast,230.0
2024-03-22 08:40:00,Breakfast,
2024-03-22 08:50:00,Breakfast,80.0
2024-03-22 12:00:00,Lunch,145.0
2024-03-22 12:10:00,Lunch,192.0
2024-03-22 12:20:00,Lunch,344.0
2024-03-22 12:30:00,Lunch,623.0
2024-03-22 12:40:00,Lunch,777.0
2024-03-22 12:50:00,Lunch,685.0
2024-03-22 13:00:00,Lunch,1048.0
2024-03-22 13:10:00,Lunch,863.0
2024-03-22 13:20:00,Lunch,478.0
2024-03-22 13:30:00,Lunch,472.0
2024-03-22 13:40:00,Lunch,345.0
2024-03-22 13:50:00,Lunch,179.0
2024-03-22 16:00:00,Snacks,261.0
2024-03-22 16:10:00,Snacks,262.0
2024-03-22 16:20:00,Snacks,356.0
2024-03-22 16:30:00,Snacks,361.0
2024-03-22 16:40:00,Snacks,369.0
2024-03-22 16:50:00,Snacks,358.0
2024-03-22 19:00:00,Dinner,130.0
2024-03-22 19:10:00,Dinner,276.0
2024-03-22 19:20:00,Dinner,389.0
2024-03-22 19:30:00,Dinner,526.0
2024-03-22 19:40:00,Dinner,715.0
2024-03-22 19:50:00,Dinner,474.0
2024-03-22 20:00:00,Dinner,789.0
2024-03-22 20:10:00,Dinner,786.0
2024-03-22 20:20:00,Dinner,727.0
2024-03-22 20:30:00,Dinner,513.0
2024-03-22 20:40:00,Dinner,368.0
2024-03-22 20:50:00,Dinner,163.0
2024-03-23 07:00:00,Breakfast,18.0
2024-03-23 07:10:00,Breakfast,47.0
2024-03-23 07:20:00,Breakfast,139.0
2024-03-23 07:30:00,Breakfast,121.0
2024-03-23 07:40:00,Breakfast,179.0
2024-03-23 07:50:00,Breakfast,250.0
2024-03-23 08:00:00,Breakfast,189.0
2024-03-23 08:10:00,Breakfast,209.0
2024-03-23 08:20:00,Breakfast,232.0
2024-03-23 08:30:00,Breakfast,145.0
2024-03-23 08:40:00,Breakfast,142.0
2024-03-23 08:50:00,Breakfast,39.0
2024-03-23 12:00:00,Lunch,73.0
2024-03-23 12:10:00,Lunch,134.0
2024-03-23 12:20:00,Lunch,240.0
2024-03-23 12:30:00,Lunch,283.0
2024-03-23 12:40:00,Lunch,424.0
2024-03-23 12:50:00,Lunch,622.0
2024-03-23 13:00:00,Lunch,560.0
2024-03-23 13:10:00,Lunch,459.0
2024-03-23 13:20:00,Lunch,624.0
2024-03-23 13:30:00,Lunch,357.0
2024-03-23 13:40:00,Lunch,265.0
2024-03-23 13:50:00,Lunch,166.0
2024-03-23 16:00:00,Snacks,136.0
2024-03-23 16:10:00,Snacks,156.0
2024-03-23 16:20:00,Snacks,222.0
2024-03-23 16:30:00,Snacks,200.0
2024-03-23 16:40:00,Snacks,229.0
2024-03-23 16:50:00,Snacks,176.0
2024-03-23 19:00:00,Dinner,91.0
2024-03-23 19:10:00,Dinner,108.0
2024-03-23 19:20:00,Dinner,255.0
2024-03-23 19:30:00,Dinner,369.0
2024-03-23 19:40:00,Dinner,425.0
2024-03-23 19:50:00,Dinner,583.0
2024-03-23 20:00:00,Dinner,589.0
2024-03-23 20:10:00,Dinner,578.0
2024-03-23 20:20:00,Dinner,485.0
2024-03-23 20:30:00,Dinner,337.0
2024-03-23 20:40:00,Dinner,203.0
2024-03-23 20:50:00,Dinner,122.0
2024-03-24 07:00:00,Breakfast,32.0
2024-03-24 07:10:00,Breakfast,77.0
2024-03-24 07:20:00,Breakfast,120.0
2024-03-24 07:30:00,Breakfast,186.0
2024-03-24 07:40:00,Breakfast,248.0
2024-03-24 07:50:00,Breakfast,236.0
2024-03-24 08:00:00,Breakfast,346.0
2024-03-24 08:10:00,Breakfast,241.0
2024-03-24 08:20:00,Breakfast,190.0
2024-03-24 08:30:00,Breakfast,167.0
2024-03-24 08:40:00,Breakfast,117.0
2024-03-24 08:50:00,Breakfast,53.0
2024-03-24 12:00:00,Lunch,76.0
2024-03-24 12:10:00,Lunch,133.0
2024-03-24 12:20:00,Lunch,246.0
2024-03-24 12:30:00,Lunch,401.0
2024-03-24 12:40:00,Lunch,448.0
2024-03-24 12:50:00,Lunch,603.0
2024-03-24 13:00:00,Lunch,456.0
2024-03-24 13:10:00,Lunch,631.0
2024-03-24 13:20:00,Lunch,434.0
2024-03-24 13:30:00,Lunch,327.0
2024-03-24 13:40:00,Lunch,256.0
2024-03-24 13:50:00,Lunch,158.0
2024-03-24 16:00:00,Snacks,135.0
2024-03-24 16:10:00,Snacks,153.0
2024-03-24 16:20:00,Snacks,197.0
2024-03-24 16:30:00,Snacks,231.0
2024-03-24 16:40:00,Snacks,233.0
2024-03-24 16:50:00,Snacks,155.0
2024-03-24 19:00:00,Dinner,64.0
2024-03-24 19:10:00,Dinner,144.0
2024-03-24 19:20:00,Dinner,223.0
2024-03-24 19:30:00,Dinner,343.0
2024-03-24 19:40:00,Dinner,255.0
2024-03-24 19:50:00,Dinner,498.0
2024-03-24 20:00:00,Dinner,627.0
2024-03-24 20:10:00,Dinner,471.0
2024-03-24 20:20:00,Dinner,477.0
2024-03-24 20:30:00,Dinner,268.0
2024-03-24 20:40:00,Dinner,166.0
2024-03-24 20:50:00,Dinner,148.0
2024-03-25 07:00:00,Breakfast,53.0
2024-03-25 07:10:00,Breakfast,93.0
2024-03-25 07:20:00,Breakfast,189.0
2024-03-25 07:30:00,Breakfast,229.0
2024-03-25 07:40:00,Breakfast,286.0
2024-03-25 07:50:00,Breakfast,332.0
2024-03-25 08:00:00,Breakfast,338.0
2024-03-25 08:10:00,Breakfast,407.0
2024-03-25 08:20:00,Breakfast,303.0
2024-03-25 08:30:00,Breakfast,289.0
2024-03-25 08:40:00,Breakfast,76.0
2024-03-25 08:50:00,Breakfast,118.0
2024-03-25 12:00:00,Lunch,130.0
2024-03-25 12:10:00,Lunch,220.0
2024-03-25 12:20:00,Lunch,291.0
2024-03-25 12:30:00,Lunch,401.0
2024-03-25 12:40:00,Lunch,805.0
2024-03-25 12:50:00,Lunch,883.0
2024-03-25 13:00:00,Lunch,931.0
2024-03-25 13:10:00,Lunch,837.0
2024-03-25 13:20:00,Lunch,816.0
2024-03-25 13:30:00,Lunch,494.0
2024-03-25 13:40:00,Lunch,349.0
2024-03-25 13:50:00,Lunch,217.0
2024-03-25 16:00:00,Snacks,204.0
2024-03-25 16:10:00,Snacks,343.0
2024-03-25 16:20:00,Snacks,262.0
2024-03-25 16:30:00,Snacks,237.0
2024-03-25 16:40:00,Snacks,251.0
2024-03-25 16:50:00,Snacks,312.0
2024-03-25 19:00:00,Dinner,112.0
2024-03-25 19:10:00,Dinner,153.0
2024-03-25 19:20:00,Dinner,355.0
2024-03-25 19:30:00,Dinner,488.0
2024-03-25 19:40:00,Dinner,740.0
2024-03-25 19:50:00,Dinner,903.0
2024-03-25 20:00:00,Dinner,1183.0
2024-03-25 20:10:00,Dinner,655.0
2024-03-25 20:20:00,Dinner,481.0
2024-03-25 20:30:00,Dinner,564.0
2024-03-25 20:40:00,Dinner,406.0
2024-03-25 20:50:00,Dinner,165.0
2024-03-26 07:00:00,Breakfast,37.0
2024-03-26 07:10:00,Breakfast,106.0
2024-03-26 07:20:00,Breakfast,215.0
2024-03-26 07:30:00,Breakfast,206.0
2024-03-26 07:40:00,Breakfast,324.0
2024-03-26 07:50:00,Breakfast,261.0
2024-03-26 08:00:00,Breakfast,387.0
2024-03-26 08:10:00,Breakfast,371.0
2024-03-26 08:20:00,Breakfast,398.0
2024-03-26 08:30:00,Breakfast,213.0
2024-03-26 08:40:00,Breakfast,184.0
2024-03-26 08:50:00,Breakfast,84.0
2024-03-26 12:00:00,Lunch,123.0
2024-03-26 12:10:00,Lunch,304.0
2024-03-26 12:20:00,Lunch,478.0
2024-03-26 12:30:00,Lunch,716.0
2024-03-26 12:40:00,Lunch,765.0
2024-03-26 12:50:00,Lunch,823.0
2024-03-26 13:00:00,Lunch,
2024-03-26 13:10:00,Lunch,913.0
2024-03-26 13:20:00,Lunch,764.0
2024-03-26 13:30:00,Lunch,484.0
2024-03-26 13:40:00,Lunch,324.0
2024-03-26 13:50:00,Lunch,201.0
2024-03-26 16:00:00,Snacks,251.0
2024-03-26 16:10:00,Snacks,335.0
2024-03-26 16:20:00,Snacks,505.0
2024-03-26 16:30:00,Snacks,374.0
2024-03-26 16:40:00,Snacks,287.0
2024-03-26 16:50:00,Snacks,257.0
2024-03-26 19:00:00,Dinner,111.0
2024-03-26 19:10:00,Dinner,267.0
2024-03-26 19:20:00,Dinner,391.0
2024-03-26 19:30:00,Dinner,404.0
2024-03-26 19:40:00,Dinner,674.0
2024-03-26 19:50:00,Dinner,619.0
2024-03-26 20:00:00,Dinner,928.0
2024-03-26 20:10:00,Dinner,715.0
2024-03-26 20:20:00,Dinner,615.0
2024-03-26 20:30:00,Dinner,360.0
2024-03-26 20:40:00,Dinner,392.0
2024-03-26 20:50:00,Dinner,256.0
2024-03-27 07:00:00,Breakfast,45.0
2024-03-27 07:10:00,Breakfast,96.0
2024-03-27 07:20:00,Breakfast,150.0
2024-03-27 07:30:00,Breakfast,233.0
2024-03-27 07:40:00,Breakfast,276.0
2024-03-27 07:50:00,Breakfast,310.0
2024-03-27 08:00:00,Breakfast,488.0
2024-03-27 08:10:00,Breakfast,215.0
2024-03-27 08:20:00,Breakfast,347.0
2024-03-27 08:30:00,Breakfast,254.0
2024-03-27 08:40:00,Breakfast,213.0
2024-03-27 08:50:00,Breakfast,95.0
2024-03-27 12:00:00,Lunch,113.0
2024-03-27 12:10:00,Lunch,193.0
2024-03-27 12:20:00,Lunch,391.0
2024-03-27 12:30:00,Lunch,484.0
2024-03-27 12:40:00,Lunch,592.0
2024-03-27 12:50:00,Lunch,753.0
2024-03-27 13:00:00,Lunch,767.0
2024-03-27 13:10:00,Lunch,717.0
2024-03-27 13:20:00,Lunch,730.0
2024-03-27 13:30:00,Lunch,528.0
2024-03-27 13:40:00,Lunch,403.0
2024-03-27 13:50:00,Lunch,230.0
2024-03-27 16:00:00,Snacks,167.0
2024-03-27 16:10:00,Snacks,180.0
2024-03-27 16:20:00,Snacks,273.0
2024-03-27 16:30:00,Snacks,393.0
2024-03-27 16:40:00,Snacks,371.0
2024-03-27 16:50:00,Snacks,326.0
2024-03-27 19:00:00,Dinner,133.0
2024-03-27 19:10:00,Dinner,251.0
2024-03-27 19:20:00,Dinner,372.0
2024-03-27 19:30:00,Dinner,663.0
2024-03-27 19:40:00,Dinner,712.0
2024-03-27 19:50:00,Dinner,1055.0
2024-03-27 20:00:00,Dinner,767.0
2024-03-27 20:10:00,Dinner,722.0
2024-03-27 20:20:00,Dinner,660.0
2024-03-27 20:30:00,Dinner,512.0
2024-03-27 20:40:00,Dinner,331.0
2024-03-27 20:50:00,Dinner,231.0
2024-03-28 07:00:00,Breakfast,52.0
2024-03-28 07:10:00,Breakfast,87.0
2024-03-28 07:20:00,Breakfast,152.0
2024-03-28 07:30:00,Breakfast,293.0
2024-03-28 07:40:00,Breakfast,337.0
2024-03-28 07:50:00,Breakfast,274.0
2024-03-28 08:00:00,Breakfast,498.0
2024-03-28 08:10:00,Breakfast,405.0
2024-03-28 08:20:00,Breakfast,354.0
2024-03-28 08:30:00,Breakfast,281.0
2024-03-28 08:40:00,Breakfast,193.0
2024-03-28 08:50:00,Breakfast,81.0
2024-03-28 12:00:00,Lunch,96.0
2024-03-28 12:10:00,Lunch,317.0
2024-03-28 12:20:00,Lunch,327.0
2024-03-28 12:30:00,Lunch,578.0
2024-03-28 12:40:00,Lunch,905.0
2024-03-28 12:50:00,Lunch,792.0
2024-03-28 13:00:00,Lunch,849.0
2024-03-28 13:10:00,Lunch,974.0
2024-03-28 13:20:00,Lunch,744.0
2024-03-28 13:30:00,Lunch,588.0
2024-03-28 13:40:00,Lunch,365.0
2024-03-28 13:50:00,Lunch,204.0
2024-03-28 16:00:00,Snacks,200.0
2024-03-28 16:10:00,Snacks,336.0
2024-03-28 16:20:00,Snacks,314.0
2024-03-28 16:30:00,Snacks,374.0
2024-03-28 16:40:00,Snacks,278.0
2024-03-28 16:50:00,Snacks,376.0
2024-03-28 19:00:00,Dinner,122.0
2024-03-28 19:10:00,Dinner,224.0
2024-03-28 19:20:00,Dinner,402.0
2024-03-28 19:30:00,Dinner,475.0
2024-03-28 19:40:00,Dinner,808.0
2024-03-28 19:50:00,Dinner,613.0
2024-03-28 20:00:00,Dinner,768.0
2024-03-28 20:10:00,Dinner,703.0
2024-03-28 20:20:00,Dinner,479.0
2024-03-28 20:30:00,Dinner,472.0
2024-03-28 20:40:00,Dinner,346.0
2024-03-28 20:50:00,Dinner,171.0
2024-03-29 07:00:00,Breakfast,37.0
2024-03-29 07:10:00,Breakfast,100.0
2024-03-29 07:20:00,Breakfast,162.0
2024-03-29 07:30:00,Breakfast,231.0
2024-03-29 07:40:00,Breakfast,253.0
2024-03-29 07:50:00,Breakfast,354.0
2024-03-29 08:00:00,Breakfast,356.0
2024-03-29 08:10:00,Breakfast,383.0
2024-03-29 08:20:00,Breakfast,290.0
2024-03-29 08:30:00,Breakfast,241.0
2024-03-29 08:40:00,Breakfast,125.0
2024-03-29 08:50:00,Breakfast,71.0
2024-03-29 12:00:00,Lunch,134.0
2024-03-29 12:10:00,Lunch,254.0
2024-03-29 12:20:00,Lunch,346.0
2024-03-29 12:30:00,Lunch,548.0
2024-03-29 12:40:00,Lunch,669.0
2024-03-29 12:50:00,Lunch,996.0
2024-03-29 13:00:00,Lunch,871.0
2024-03-29 13:10:00,Lunch,785.0
2024-03-29 13:20:00,Lunch,
2024-03-29 13:30:00,Lunch,478.0
2024-03-29 13:40:00,Lunch,379.0
2024-03-29 13:50:00,Lunch,183.0
2024-03-29 16:00:00,Snacks,236.0
2024-03-29 16:10:00,Snacks,318.0
2024-03-29 16:20:00,Snacks,260.0
2024-03-29 16:30:00,Snacks,
2024-03-29 16:40:00,Snacks,346.0
2024-03-29 16:50:00,Snacks,371.0
2024-03-29 19:00:00,Dinner,134.0
2024-03-29 19:10:00,Dinner,204.0
2024-03-29 19:20:00,Dinner,300.0
2024-03-29 19:30:00,Dinner,415.0
2024-03-29 19:40:00,Dinner,757.0
2024-03-29 19:50:00,Dinner,919.0
2024-03-29 20:00:00,Dinner,766.0
2024-03-29 20:10:00,Dinner,773.0
2024-03-29 20:20:00,Dinner,685.0
2024-03-29 20:30:00,Dinner,664.0
2024-03-29 20:40:00,Dinner,353.0
2024-03-29 20:50:00,Dinner,175.0
2024-03-30 07:00:00,Breakfast,23.0
2024-03-30 07:10:00,Breakfast,51.0
2024-03-30 07:20:00,Breakfast,133.0
2024-03-30 07:30:00,Breakfast,172.0
2024-03-30 07:40:00,Breakfast,195.0
2024-03-30 07:50:00,Breakfast,123.0
2024-03-30 08:00:00,Breakfast,222.0
2024-03-30 08:10:00,Breakfast,260.0
2024-03-30 08:20:00,Breakfast,220.0
2024-03-30 08:30:00,Breakfast,167.0
2024-03-30 08:40:00,Breakfast,78.0
2024-03-30 08:50:00,Breakfast,67.0
2024-03-30 12:00:00,Lunch,62.0
2024-03-30 12:10:00,Lunch,145.0
2024-03-30 12:20:00,Lunch,208.0
2024-03-30 12:30:00,Lunch,417.0
2024-03-30 12:40:00,Lunch,493.0
2024-03-30 12:50:00,Lunch,540.0
2024-03-30 13:00:00,Lunch,713.0
2024-03-30 13:10:00,Lunch,520.0
2024-03-30 13:20:00,Lunch,361.0
2024-03-30 13:30:00,Lunch,416.0
2024-03-30 13:40:00,Lunch,250.0
2024-03-30 13:50:00,Lunch,137.0
2024-03-30 16:00:00,Snacks,121.0
2024-03-30 16:10:00,Snacks,198.0
2024-03-30 16:20:00,Snacks,245.0
2024-03-30 16:30:00,Snacks,197.0
2024-03-30 16:40:00,Snacks,236.0
2024-03-30 16:50:00,Snacks,190.0
2024-03-30 19:00:00,Dinner,61.0
2024-03-30 19:10:00,Dinner,137.0
2024-03-30 19:20:00,Dinner,205.0
2024-03-30 19:30:00,Dinner,403.0
2024-03-30 19:40:00,Dinner,396.0
2024-03-30 19:50:00,Dinner,648.0
2024-03-30 20:00:00,Dinner,564.0
2024-03-30 20:10:00,Dinner,377.0
2024-03-30 20:20:00,Dinner,287.0
2024-03-30 20:30:00,Dinner,323.0
2024-03-30 20:40:00,Dinner,279.0
2024-03-30 20:50:00,Dinner,169.0
2024-03-31 07:00:00,Breakfast,36.0
2024-03-31 07:10:00,Breakfast,53.0
2024-03-31 07:20:00,Breakfast,98.0
2024-03-31 07:30:00,Breakfast,163.0
2024-03-31 07:40:00,Breakfast,247.0
2024-03-31 07:50:00,Breakfast,269.0
2024-03-31 08:00:00,Breakfast,302.0
2024-03-31 08:10:00,Breakfast,272.0
2024-03-31 08:20:00,Breakfast,242.0
2024-03-31 08:30:00,Breakfast,92.0
2024-03-31 08:40:00,Breakfast,88.0
2024-03-31 08:50:00,Breakfast,48.0
2024-03-31 12:00:00,Lunch,58.0
2024-03-31 12:10:00,Lunch,146.0
2024-03-31 12:20:00,Lunch,181.0
2024-03-31 12:30:00,Lunch,299.0
2024-03-31 12:40:00,Lunch,461.0
2024-03-31 12:50:00,Lunch,412.0
2024-03-31 13:00:00,Lunch,539.0
2024-03-31 13:10:00,Lunch,609.0
2024-03-31 13:20:00,Lunch,376.0
2024-03-31 13:30:00,Lunch,401.0
2024-03-31 13:40:00,Lunch,207.0
2024-03-31 13:50:00,Lunch,153.0
2024-03-31 16:00:00,Snacks,109.0
2024-03-31 16:10:00,Snacks,196.0
2024-03-31 16:20:00,Snacks,203.0
2024-03-31 16:30:00,Snacks,245.0
2024-03-31 16:40:00,Snacks,194.0
2024-03-31 16:50:00,Snacks,200.0
2024-03-31 19:00:00,Dinner,88.0
2024-03-31 19:10:00,Dinner,
2024-03-31 19:20:00,Dinner,208.0
2024-03-31 19:30:00,Dinner,322.0
2024-03-31 19:40:00,Dinner,352.0
2024-03-31 19:50:00,Dinner,539.0
2024-03-31 20:00:00,Dinner,607.0
2024-03-31 20:10:00,Dinner,653.0
2024-03-31 20:20:00,Dinner,535.0
2024-03-31 20:30:00,Dinner,281.0
2024-03-31 20:40:00,Dinner,
2024-03-31 20:50:00,Dinner,134.0
